segment_index,start_position,gap_origin_position,final_endpoint_position,confirmed_at_position,gap_origin_price,final_endpoint_price
1,4,7,11,13,90.02383139102206,89.32242699416904
3,18,21,25,27,88.6365448331546,87.98510805198188
17,104,107,115,119,88.46300700071127,87.59925675269392
18,115,120,128,130,112.08794609929859,112.85866737381562
34,201,204,210,212,110.54003910558671,111.99146658364309
35,210,213,221,223,87.7490295629529,87.50767090244233
48,277,280,284,286,109.09600864281691,110.28329339729986
51,290,293,297,299,89.59522796657207,88.70377354979387
52,297,300,304,310,111.5349572358613,111.5810951189811
