线段序号,方向,起点时间,起点类型,起点价格,终点时间,终点类型,终点价格,内部笔数,确认方式,主特征分型有缺口,确认发生笔位置,价差力度,涨跌幅,原始K起点,原始K终点,内部笔序号,内部笔端点
0,↓ 向下,2026-01-01 00:30:00+00:00,顶分型,109.0806836428213,2026-01-01 06:55:00+00:00,底分型,90.02383139102206,7,NO_GAP,False,9,19.06,-0.1747,2026-01-01 00:25:00+00:00,2026-01-01 07:00:00+00:00,0 | 1 | 2 | 3 | 4 | 5 | 6,2026-01-01T00:30:00+00:00->2026-01-01T02:45:00+00:00 | 2026-01-01T02:45:00+00:00->2026-01-01T03:05:00+00:00 | 2026-01-01T03:05:00+00:00->2026-01-01T03:50:00+00:00 | 2026-01-01T03:50:00+00:00->2026-01-01T04:45:00+00:00 | 2026-01-01T04:45:00+00:00->2026-01-01T05:30:00+00:00 | 2026-01-01T05:30:00+00:00->2026-01-01T05:45:00+00:00 | 2026-01-01T05:45:00+00:00->2026-01-01T06:55:00+00:00
1,↑ 向上,2026-01-01 06:55:00+00:00,底分型,90.02383139102206,2026-01-01 17:30:00+00:00,顶分型,111.4056493520864,11,NO_GAP,False,20,21.38,0.2375,2026-01-01 06:45:00+00:00,2026-01-01 17:35:00+00:00,7 | 8 | 9 | 10 | 11 | 12 | 13 | 14 | 15 | 16 | 17,2026-01-01T06:55:00+00:00->2026-01-01T07:30:00+00:00 | 2026-01-01T07:30:00+00:00->2026-01-01T08:05:00+00:00 | 2026-01-01T08:05:00+00:00->2026-01-01T09:00:00+00:00 | 2026-01-01T09:00:00+00:00->2026-01-01T11:15:00+00:00 | 2026-01-01T11:15:00+00:00->2026-01-01T11:40:00+00:00 | 2026-01-01T11:40:00+00:00->2026-01-01T12:05:00+00:00 | 2026-01-01T12:05:00+00:00->2026-01-01T13:15:00+00:00 | 2026-01-01T13:15:00+00:00->2026-01-01T15:20:00+00:00 | 2026-01-01T15:20:00+00:00->2026-01-01T16:05:00+00:00 | 2026-01-01T16:05:00+00:00->2026-01-01T16:40:00+00:00 | 2026-01-01T16:40:00+00:00->2026-01-01T17:30:00+00:00
2,↓ 向下,2026-01-01 17:30:00+00:00,顶分型,111.4056493520864,2026-01-01 19:35:00+00:00,底分型,88.6365448331546,3,GAP_REVERSE_FRACTAL,True,36,22.77,-0.2044,2026-01-01 17:20:00+00:00,2026-01-01 19:45:00+00:00,18 | 19 | 20,2026-01-01T17:30:00+00:00->2026-01-01T18:00:00+00:00 | 2026-01-01T18:00:00+00:00->2026-01-01T18:35:00+00:00 | 2026-01-01T18:35:00+00:00->2026-01-01T19:35:00+00:00
3,↑ 向上,2026-01-01 19:35:00+00:00,底分型,88.6365448331546,2026-01-02 18:55:00+00:00,顶分型,112.90982303790344,13,NO_GAP,False,36,24.27,0.2739,2026-01-01 19:30:00+00:00,2026-01-02 19:00:00+00:00,21 | 22 | 23 | 24 | 25 | 26 | 27 | 28 | 29 | 30 | 31 | 32 | 33,2026-01-01T19:35:00+00:00->2026-01-01T20:25:00+00:00 | 2026-01-01T20:25:00+00:00->2026-01-01T20:45:00+00:00 | 2026-01-01T20:45:00+00:00->2026-01-01T21:40:00+00:00 | 2026-01-01T21:40:00+00:00->2026-01-01T23:55:00+00:00 | 2026-01-01T23:55:00+00:00->2026-01-02T02:00:00+00:00 | 2026-01-02T02:00:00+00:00->2026-01-02T04:00:00+00:00 | 2026-01-02T04:00:00+00:00->2026-01-02T06:05:00+00:00 | 2026-01-02T06:05:00+00:00->2026-01-02T08:25:00+00:00 | 2026-01-02T08:25:00+00:00->2026-01-02T10:25:00+00:00 | 2026-01-02T10:25:00+00:00->2026-01-02T12:30:00+00:00 | 2026-01-02T12:30:00+00:00->2026-01-02T14:45:00+00:00 | 2026-01-02T14:45:00+00:00->2026-01-02T16:45:00+00:00 | 2026-01-02T16:45:00+00:00->2026-01-02T18:55:00+00:00
4,↓ 向下,2026-01-02 18:55:00+00:00,顶分型,112.90982303790344,2026-01-03 05:20:00+00:00,底分型,86.81520442518793,5,NO_GAP,False,45,26.09,-0.2311,2026-01-02 18:35:00+00:00,2026-01-03 05:25:00+00:00,34 | 35 | 36 | 37 | 38,2026-01-02T18:55:00+00:00->2026-01-02T21:05:00+00:00 | 2026-01-02T21:05:00+00:00->2026-01-02T23:15:00+00:00 | 2026-01-02T23:15:00+00:00->2026-01-03T01:15:00+00:00 | 2026-01-03T01:15:00+00:00->2026-01-03T03:20:00+00:00 | 2026-01-03T03:20:00+00:00->2026-01-03T05:20:00+00:00
5,↑ 向上,2026-01-03 05:20:00+00:00,底分型,86.81520442518793,2026-01-04 00:25:00+00:00,顶分型,113.03191069092168,13,NO_GAP,False,56,26.22,0.302,2026-01-03 05:10:00+00:00,2026-01-04 00:30:00+00:00,39 | 40 | 41 | 42 | 43 | 44 | 45 | 46 | 47 | 48 | 49 | 50 | 51,2026-01-03T05:20:00+00:00->2026-01-03T07:30:00+00:00 | 2026-01-03T07:30:00+00:00->2026-01-03T09:45:00+00:00 | 2026-01-03T09:45:00+00:00->2026-01-03T11:40:00+00:00 | 2026-01-03T11:40:00+00:00->2026-01-03T13:55:00+00:00 | 2026-01-03T13:55:00+00:00->2026-01-03T14:45:00+00:00 | 2026-01-03T14:45:00+00:00->2026-01-03T15:15:00+00:00 | 2026-01-03T15:15:00+00:00->2026-01-03T16:00:00+00:00 | 2026-01-03T16:00:00+00:00->2026-01-03T18:05:00+00:00 | 2026-01-03T18:05:00+00:00->2026-01-03T20:15:00+00:00 | 2026-01-03T20:15:00+00:00->2026-01-03T22:15:00+00:00 | 2026-01-03T22:15:00+00:00->2026-01-03T23:15:00+00:00 | 2026-01-03T23:15:00+00:00->2026-01-03T23:40:00+00:00 | 2026-01-03T23:40:00+00:00->2026-01-04T00:25:00+00:00
6,↓ 向下,2026-01-04 00:25:00+00:00,顶分型,113.03191069092168,2026-01-04 06:50:00+00:00,底分型,87.46658570820792,5,NO_GAP,False,61,25.57,-0.2262,2026-01-04 00:15:00+00:00,2026-01-04 06:55:00+00:00,52 | 53 | 54 | 55 | 56,2026-01-04T00:25:00+00:00->2026-01-04T02:35:00+00:00 | 2026-01-04T02:35:00+00:00->2026-01-04T03:20:00+00:00 | 2026-01-04T03:20:00+00:00->2026-01-04T03:55:00+00:00 | 2026-01-04T03:55:00+00:00->2026-01-04T04:35:00+00:00 | 2026-01-04T04:35:00+00:00->2026-01-04T06:50:00+00:00
7,↑ 向上,2026-01-04 06:50:00+00:00,底分型,87.46658570820792,2026-01-04 13:10:00+00:00,顶分型,112.1559268230961,5,NO_GAP,False,68,24.69,0.2823,2026-01-04 06:40:00+00:00,2026-01-04 13:15:00+00:00,57 | 58 | 59 | 60 | 61,2026-01-04T06:50:00+00:00->2026-01-04T08:55:00+00:00 | 2026-01-04T08:55:00+00:00->2026-01-04T10:55:00+00:00 | 2026-01-04T10:55:00+00:00->2026-01-04T11:55:00+00:00 | 2026-01-04T11:55:00+00:00->2026-01-04T12:10:00+00:00 | 2026-01-04T12:10:00+00:00->2026-01-04T13:10:00+00:00
8,↓ 向下,2026-01-04 13:10:00+00:00,顶分型,112.1559268230961,2026-01-04 23:40:00+00:00,底分型,88.60401387372335,7,NO_GAP,False,71,23.55,-0.21,2026-01-04 13:05:00+00:00,2026-01-04 23:50:00+00:00,62 | 63 | 64 | 65 | 66 | 67 | 68,2026-01-04T13:10:00+00:00->2026-01-04T15:15:00+00:00 | 2026-01-04T15:15:00+00:00->2026-01-04T17:25:00+00:00 | 2026-01-04T17:25:00+00:00->2026-01-04T19:25:00+00:00 | 2026-01-04T19:25:00+00:00->2026-01-04T20:15:00+00:00 | 2026-01-04T20:15:00+00:00->2026-01-04T20:40:00+00:00 | 2026-01-04T20:40:00+00:00->2026-01-04T21:40:00+00:00 | 2026-01-04T21:40:00+00:00->2026-01-04T23:40:00+00:00
9,↑ 向上,2026-01-04 23:40:00+00:00,底分型,88.60401387372335,2026-01-05 01:45:00+00:00,顶分型,111.78572434625978,3,NO_GAP,False,74,23.18,0.2616,2026-01-04 23:35:00+00:00,2026-01-05 01:55:00+00:00,69 | 70 | 71,2026-01-04T23:40:00+00:00->2026-01-05T00:40:00+00:00 | 2026-01-05T00:40:00+00:00->2026-01-05T01:05:00+00:00 | 2026-01-05T01:05:00+00:00->2026-01-05T01:45:00+00:00
10,↓ 向下,2026-01-05 01:45:00+00:00,顶分型,111.78572434625978,2026-01-05 04:05:00+00:00,底分型,89.45099765756609,3,NO_GAP,False,79,22.33,-0.1998,2026-01-05 01:40:00+00:00,2026-01-05 04:10:00+00:00,72 | 73 | 74,2026-01-05T01:45:00+00:00->2026-01-05T02:55:00+00:00 | 2026-01-05T02:55:00+00:00->2026-01-05T03:20:00+00:00 | 2026-01-05T03:20:00+00:00->2026-01-05T04:05:00+00:00
11,↑ 向上,2026-01-05 04:05:00+00:00,底分型,89.45099765756609,2026-01-05 10:15:00+00:00,顶分型,110.75438145810709,5,NO_GAP,False,84,21.3,0.2382,2026-01-05 03:50:00+00:00,2026-01-05 10:20:00+00:00,75 | 76 | 77 | 78 | 79,2026-01-05T04:05:00+00:00->2026-01-05T06:10:00+00:00 | 2026-01-05T06:10:00+00:00->2026-01-05T08:15:00+00:00 | 2026-01-05T08:15:00+00:00->2026-01-05T09:15:00+00:00 | 2026-01-05T09:15:00+00:00->2026-01-05T09:40:00+00:00 | 2026-01-05T09:40:00+00:00->2026-01-05T10:15:00+00:00
12,↓ 向下,2026-01-05 10:15:00+00:00,顶分型,110.75438145810709,2026-01-05 16:25:00+00:00,底分型,90.39620611770233,5,NO_GAP,False,87,20.36,-0.1838,2026-01-05 10:05:00+00:00,2026-01-05 16:30:00+00:00,80 | 81 | 82 | 83 | 84,2026-01-05T10:15:00+00:00->2026-01-05T12:15:00+00:00 | 2026-01-05T12:15:00+00:00->2026-01-05T13:30:00+00:00 | 2026-01-05T13:30:00+00:00->2026-01-05T13:50:00+00:00 | 2026-01-05T13:50:00+00:00->2026-01-05T14:25:00+00:00 | 2026-01-05T14:25:00+00:00->2026-01-05T16:25:00+00:00
13,↑ 向上,2026-01-05 16:25:00+00:00,底分型,90.39620611770233,2026-01-05 18:50:00+00:00,顶分型,109.58597942759285,3,NO_GAP,False,90,19.19,0.2123,2026-01-05 16:20:00+00:00,2026-01-05 18:55:00+00:00,85 | 86 | 87,2026-01-05T16:25:00+00:00->2026-01-05T17:45:00+00:00 | 2026-01-05T17:45:00+00:00->2026-01-05T18:15:00+00:00 | 2026-01-05T18:15:00+00:00->2026-01-05T18:50:00+00:00
14,↓ 向下,2026-01-05 18:50:00+00:00,顶分型,109.58597942759285,2026-01-06 00:05:00+00:00,底分型,89.8845761521106,7,NO_GAP,False,97,19.7,-0.1798,2026-01-05 18:40:00+00:00,2026-01-06 00:10:00+00:00,88 | 89 | 90 | 91 | 92 | 93 | 94,2026-01-05T18:50:00+00:00->2026-01-05T19:50:00+00:00 | 2026-01-05T19:50:00+00:00->2026-01-05T20:10:00+00:00 | 2026-01-05T20:10:00+00:00->2026-01-05T20:50:00+00:00 | 2026-01-05T20:50:00+00:00->2026-01-05T21:55:00+00:00 | 2026-01-05T21:55:00+00:00->2026-01-05T22:35:00+00:00 | 2026-01-05T22:35:00+00:00->2026-01-05T22:50:00+00:00 | 2026-01-05T22:50:00+00:00->2026-01-06T00:05:00+00:00
15,↑ 向上,2026-01-06 00:05:00+00:00,底分型,89.8845761521106,2026-01-06 10:30:00+00:00,顶分型,111.40991252945928,9,NO_GAP,False,106,21.53,0.2395,2026-01-05 23:50:00+00:00,2026-01-06 10:40:00+00:00,95 | 96 | 97 | 98 | 99 | 100 | 101 | 102 | 103,2026-01-06T00:05:00+00:00->2026-01-06T00:30:00+00:00 | 2026-01-06T00:30:00+00:00->2026-01-06T01:05:00+00:00 | 2026-01-06T01:05:00+00:00->2026-01-06T02:10:00+00:00 | 2026-01-06T02:10:00+00:00->2026-01-06T04:10:00+00:00 | 2026-01-06T04:10:00+00:00->2026-01-06T04:50:00+00:00 | 2026-01-06T04:50:00+00:00->2026-01-06T05:25:00+00:00 | 2026-01-06T05:25:00+00:00->2026-01-06T06:25:00+00:00 | 2026-01-06T06:25:00+00:00->2026-01-06T08:30:00+00:00 | 2026-01-06T08:30:00+00:00->2026-01-06T10:30:00+00:00
16,↓ 向下,2026-01-06 10:30:00+00:00,顶分型,111.40991252945928,2026-01-06 12:45:00+00:00,底分型,88.46300700071127,3,GAP_REVERSE_FRACTAL,True,122,22.95,-0.206,2026-01-06 10:25:00+00:00,2026-01-06 12:50:00+00:00,104 | 105 | 106,2026-01-06T10:30:00+00:00->2026-01-06T11:20:00+00:00 | 2026-01-06T11:20:00+00:00->2026-01-06T11:40:00+00:00 | 2026-01-06T11:40:00+00:00->2026-01-06T12:45:00+00:00
17,↑ 向上,2026-01-06 12:45:00+00:00,底分型,88.46300700071127,2026-01-07 03:30:00+00:00,顶分型,112.40455765660947,9,NO_GAP,False,122,23.94,0.2706,2026-01-06 12:40:00+00:00,2026-01-07 03:35:00+00:00,107 | 108 | 109 | 110 | 111 | 112 | 113 | 114 | 115,2026-01-06T12:45:00+00:00->2026-01-06T13:20:00+00:00 | 2026-01-06T13:20:00+00:00->2026-01-06T13:40:00+00:00 | 2026-01-06T13:40:00+00:00->2026-01-06T14:55:00+00:00 | 2026-01-06T14:55:00+00:00->2026-01-06T17:00:00+00:00 | 2026-01-06T17:00:00+00:00->2026-01-06T19:05:00+00:00 | 2026-01-06T19:05:00+00:00->2026-01-06T21:20:00+00:00 | 2026-01-06T21:20:00+00:00->2026-01-06T23:15:00+00:00 | 2026-01-06T23:15:00+00:00->2026-01-07T01:20:00+00:00 | 2026-01-07T01:20:00+00:00->2026-01-07T03:30:00+00:00
18,↓ 向下,2026-01-07 03:30:00+00:00,顶分型,112.40455765660947,2026-01-07 14:05:00+00:00,底分型,87.12087124398333,9,NO_GAP,False,127,25.28,-0.2249,2026-01-07 03:25:00+00:00,2026-01-07 14:10:00+00:00,116 | 117 | 118 | 119 | 120 | 121 | 122 | 123 | 124,2026-01-07T03:30:00+00:00->2026-01-07T05:40:00+00:00 | 2026-01-07T05:40:00+00:00->2026-01-07T06:20:00+00:00 | 2026-01-07T06:20:00+00:00->2026-01-07T06:40:00+00:00 | 2026-01-07T06:40:00+00:00->2026-01-07T07:35:00+00:00 | 2026-01-07T07:35:00+00:00->2026-01-07T08:40:00+00:00 | 2026-01-07T08:40:00+00:00->2026-01-07T09:00:00+00:00 | 2026-01-07T09:00:00+00:00->2026-01-07T09:50:00+00:00 | 2026-01-07T09:50:00+00:00->2026-01-07T12:00:00+00:00 | 2026-01-07T12:00:00+00:00->2026-01-07T14:05:00+00:00
19,↑ 向上,2026-01-07 14:05:00+00:00,底分型,87.12087124398333,2026-01-07 20:25:00+00:00,顶分型,112.85866737381562,3,NO_GAP,False,130,25.74,0.2954,2026-01-07 13:55:00+00:00,2026-01-07 20:30:00+00:00,125 | 126 | 127,2026-01-07T14:05:00+00:00->2026-01-07T16:05:00+00:00 | 2026-01-07T16:05:00+00:00->2026-01-07T18:10:00+00:00 | 2026-01-07T18:10:00+00:00->2026-01-07T20:25:00+00:00
20,↓ 向下,2026-01-07 20:25:00+00:00,顶分型,112.85866737381562,2026-01-08 02:45:00+00:00,底分型,87.1809765505783,7,NO_GAP,False,137,25.68,-0.2275,2026-01-07 20:05:00+00:00,2026-01-08 02:50:00+00:00,128 | 129 | 130 | 131 | 132 | 133 | 134,2026-01-07T20:25:00+00:00->2026-01-07T21:15:00+00:00 | 2026-01-07T21:15:00+00:00->2026-01-07T21:40:00+00:00 | 2026-01-07T21:40:00+00:00->2026-01-07T22:20:00+00:00 | 2026-01-07T22:20:00+00:00->2026-01-08T00:35:00+00:00 | 2026-01-08T00:35:00+00:00->2026-01-08T01:25:00+00:00 | 2026-01-08T01:25:00+00:00->2026-01-08T01:40:00+00:00 | 2026-01-08T01:40:00+00:00->2026-01-08T02:45:00+00:00
21,↑ 向上,2026-01-08 02:45:00+00:00,底分型,87.1809765505783,2026-01-08 04:50:00+00:00,顶分型,113.57894951849332,3,NO_GAP,False,142,26.4,0.3028,2026-01-08 02:35:00+00:00,2026-01-08 05:00:00+00:00,135 | 136 | 137,2026-01-08T02:45:00+00:00->2026-01-08T03:35:00+00:00 | 2026-01-08T03:35:00+00:00->2026-01-08T03:50:00+00:00 | 2026-01-08T03:50:00+00:00->2026-01-08T04:50:00+00:00
22,↓ 向下,2026-01-08 04:50:00+00:00,顶分型,113.57894951849332,2026-01-08 19:45:00+00:00,底分型,87.27018566434882,7,NO_GAP,False,149,26.31,-0.2316,2026-01-08 04:45:00+00:00,2026-01-08 19:50:00+00:00,138 | 139 | 140 | 141 | 142 | 143 | 144,2026-01-08T04:50:00+00:00->2026-01-08T06:55:00+00:00 | 2026-01-08T06:55:00+00:00->2026-01-08T09:05:00+00:00 | 2026-01-08T09:05:00+00:00->2026-01-08T11:10:00+00:00 | 2026-01-08T11:10:00+00:00->2026-01-08T13:20:00+00:00 | 2026-01-08T13:20:00+00:00->2026-01-08T15:20:00+00:00 | 2026-01-08T15:20:00+00:00->2026-01-08T17:25:00+00:00 | 2026-01-08T17:25:00+00:00->2026-01-08T19:45:00+00:00
23,↑ 向上,2026-01-08 19:45:00+00:00,底分型,87.27018566434882,2026-01-09 02:00:00+00:00,顶分型,112.67400167821718,5,NO_GAP,False,152,25.4,0.2911,2026-01-08 19:35:00+00:00,2026-01-09 02:05:00+00:00,145 | 146 | 147 | 148 | 149,2026-01-08T19:45:00+00:00->2026-01-08T21:45:00+00:00 | 2026-01-08T21:45:00+00:00->2026-01-08T22:45:00+00:00 | 2026-01-08T22:45:00+00:00->2026-01-08T23:05:00+00:00 | 2026-01-08T23:05:00+00:00->2026-01-09T00:00:00+00:00 | 2026-01-09T00:00:00+00:00->2026-01-09T02:00:00+00:00
24,↓ 向下,2026-01-09 02:00:00+00:00,顶分型,112.67400167821718,2026-01-09 08:15:00+00:00,底分型,87.6928949866896,3,NO_GAP,False,155,24.98,-0.2217,2026-01-09 01:55:00+00:00,2026-01-09 08:20:00+00:00,150 | 151 | 152,2026-01-09T02:00:00+00:00->2026-01-09T04:05:00+00:00 | 2026-01-09T04:05:00+00:00->2026-01-09T06:10:00+00:00 | 2026-01-09T06:10:00+00:00->2026-01-09T08:15:00+00:00
25,↑ 向上,2026-01-09 08:15:00+00:00,底分型,87.6928949866896,2026-01-09 10:25:00+00:00,顶分型,112.1945857049187,3,NO_GAP,False,160,24.5,0.2794,2026-01-09 08:10:00+00:00,2026-01-09 10:30:00+00:00,153 | 154 | 155,2026-01-09T08:15:00+00:00->2026-01-09T09:25:00+00:00 | 2026-01-09T09:25:00+00:00->2026-01-09T09:45:00+00:00 | 2026-01-09T09:45:00+00:00->2026-01-09T10:25:00+00:00
26,↓ 向下,2026-01-09 10:25:00+00:00,顶分型,112.1945857049187,2026-01-09 16:50:00+00:00,底分型,88.63759524006669,7,GAP_REVERSE_FRACTAL,True,170,23.56,-0.21,2026-01-09 10:20:00+00:00,2026-01-09 16:55:00+00:00,156 | 157 | 158 | 159 | 160 | 161 | 162,2026-01-09T10:25:00+00:00->2026-01-09T12:35:00+00:00 | 2026-01-09T12:35:00+00:00->2026-01-09T13:40:00+00:00 | 2026-01-09T13:40:00+00:00->2026-01-09T14:00:00+00:00 | 2026-01-09T14:00:00+00:00->2026-01-09T14:45:00+00:00 | 2026-01-09T14:45:00+00:00->2026-01-09T15:35:00+00:00 | 2026-01-09T15:35:00+00:00->2026-01-09T16:00:00+00:00 | 2026-01-09T16:00:00+00:00->2026-01-09T16:50:00+00:00
27,↑ 向上,2026-01-09 16:50:00+00:00,底分型,88.63759524006669,2026-01-09 18:50:00+00:00,顶分型,110.93013363789335,3,NO_GAP,False,170,22.29,0.2515,2026-01-09 16:45:00+00:00,2026-01-09 18:55:00+00:00,163 | 164 | 165,2026-01-09T16:50:00+00:00->2026-01-09T17:45:00+00:00 | 2026-01-09T17:45:00+00:00->2026-01-09T18:20:00+00:00 | 2026-01-09T18:20:00+00:00->2026-01-09T18:50:00+00:00
28,↓ 向下,2026-01-09 18:50:00+00:00,顶分型,110.93013363789335,2026-01-10 01:10:00+00:00,底分型,89.81629781092089,5,NO_GAP,False,173,21.11,-0.1903,2026-01-09 18:45:00+00:00,2026-01-10 01:15:00+00:00,166 | 167 | 168 | 169 | 170,2026-01-09T18:50:00+00:00->2026-01-09T21:05:00+00:00 | 2026-01-09T21:05:00+00:00->2026-01-09T23:00:00+00:00 | 2026-01-09T23:00:00+00:00->2026-01-10T00:15:00+00:00 | 2026-01-10T00:15:00+00:00->2026-01-10T00:35:00+00:00 | 2026-01-10T00:35:00+00:00->2026-01-10T01:10:00+00:00
29,↑ 向上,2026-01-10 01:10:00+00:00,底分型,89.81629781092089,2026-01-10 03:20:00+00:00,顶分型,110.64496669308403,3,NO_GAP,False,176,20.83,0.2319,2026-01-10 01:05:00+00:00,2026-01-10 03:25:00+00:00,171 | 172 | 173,2026-01-10T01:10:00+00:00->2026-01-10T02:10:00+00:00 | 2026-01-10T02:10:00+00:00->2026-01-10T02:45:00+00:00 | 2026-01-10T02:45:00+00:00->2026-01-10T03:20:00+00:00
30,↓ 向下,2026-01-10 03:20:00+00:00,顶分型,110.64496669308403,2026-01-10 13:00:00+00:00,底分型,89.96549396857695,9,NO_GAP,False,185,20.68,-0.1869,2026-01-10 03:15:00+00:00,2026-01-10 13:05:00+00:00,174 | 175 | 176 | 177 | 178 | 179 | 180 | 181 | 182,2026-01-10T03:20:00+00:00->2026-01-10T04:20:00+00:00 | 2026-01-10T04:20:00+00:00->2026-01-10T04:50:00+00:00 | 2026-01-10T04:50:00+00:00->2026-01-10T05:35:00+00:00 | 2026-01-10T05:35:00+00:00->2026-01-10T07:40:00+00:00 | 2026-01-10T07:40:00+00:00->2026-01-10T08:35:00+00:00 | 2026-01-10T08:35:00+00:00->2026-01-10T10:45:00+00:00 | 2026-01-10T10:45:00+00:00->2026-01-10T11:20:00+00:00 | 2026-01-10T11:20:00+00:00->2026-01-10T11:40:00+00:00 | 2026-01-10T11:40:00+00:00->2026-01-10T13:00:00+00:00
31,↑ 向上,2026-01-10 13:00:00+00:00,底分型,89.96549396857695,2026-01-10 23:25:00+00:00,顶分型,111.34127538063434,9,NO_GAP,False,194,21.38,0.2376,2026-01-10 12:35:00+00:00,2026-01-10 23:30:00+00:00,183 | 184 | 185 | 186 | 187 | 188 | 189 | 190 | 191,2026-01-10T13:00:00+00:00->2026-01-10T13:25:00+00:00 | 2026-01-10T13:25:00+00:00->2026-01-10T13:55:00+00:00 | 2026-01-10T13:55:00+00:00->2026-01-10T15:10:00+00:00 | 2026-01-10T15:10:00+00:00->2026-01-10T17:05:00+00:00 | 2026-01-10T17:05:00+00:00->2026-01-10T17:45:00+00:00 | 2026-01-10T17:45:00+00:00->2026-01-10T18:10:00+00:00 | 2026-01-10T18:10:00+00:00->2026-01-10T19:15:00+00:00 | 2026-01-10T19:15:00+00:00->2026-01-10T21:15:00+00:00 | 2026-01-10T21:15:00+00:00->2026-01-10T23:25:00+00:00
32,↓ 向下,2026-01-10 23:25:00+00:00,顶分型,111.34127538063434,2026-01-11 01:35:00+00:00,底分型,89.37563517638253,3,GAP_REVERSE_FRACTAL,True,200,21.97,-0.1973,2026-01-10 23:20:00+00:00,2026-01-11 01:45:00+00:00,192 | 193 | 194,2026-01-10T23:25:00+00:00->2026-01-11T00:05:00+00:00 | 2026-01-11T00:05:00+00:00->2026-01-11T00:25:00+00:00 | 2026-01-11T00:25:00+00:00->2026-01-11T01:35:00+00:00
33,↑ 向上,2026-01-11 01:35:00+00:00,底分型,89.37563517638253,2026-01-11 03:35:00+00:00,顶分型,111.55808245222487,3,GAP_REVERSE_FRACTAL,True,203,22.18,0.2482,2026-01-11 01:25:00+00:00,2026-01-11 03:45:00+00:00,195 | 196 | 197,2026-01-11T01:35:00+00:00->2026-01-11T02:05:00+00:00 | 2026-01-11T02:05:00+00:00->2026-01-11T02:35:00+00:00 | 2026-01-11T02:35:00+00:00->2026-01-11T03:35:00+00:00
34,↓ 向下,2026-01-11 03:35:00+00:00,顶分型,111.55808245222487,2026-01-11 05:50:00+00:00,底分型,88.22927230323205,3,GAP_REVERSE_FRACTAL,True,206,23.33,-0.2091,2026-01-11 03:30:00+00:00,2026-01-11 05:55:00+00:00,198 | 199 | 200,2026-01-11T03:35:00+00:00->2026-01-11T04:20:00+00:00 | 2026-01-11T04:20:00+00:00->2026-01-11T04:50:00+00:00 | 2026-01-11T04:50:00+00:00->2026-01-11T05:50:00+00:00
35,↑ 向上,2026-01-11 05:50:00+00:00,底分型,88.22927230323205,2026-01-11 07:55:00+00:00,顶分型,110.54003910558671,3,GAP_REVERSE_FRACTAL,True,215,22.31,0.2529,2026-01-11 05:35:00+00:00,2026-01-11 08:00:00+00:00,201 | 202 | 203,2026-01-11T05:50:00+00:00->2026-01-11T06:30:00+00:00 | 2026-01-11T06:30:00+00:00->2026-01-11T06:45:00+00:00 | 2026-01-11T06:45:00+00:00->2026-01-11T07:55:00+00:00
36,↓ 向下,2026-01-11 07:55:00+00:00,顶分型,110.54003910558671,2026-01-11 18:25:00+00:00,底分型,87.7490295629529,9,NO_GAP,False,215,22.79,-0.2062,2026-01-11 07:50:00+00:00,2026-01-11 18:30:00+00:00,204 | 205 | 206 | 207 | 208 | 209 | 210 | 211 | 212,2026-01-11T07:55:00+00:00->2026-01-11T08:35:00+00:00 | 2026-01-11T08:35:00+00:00->2026-01-11T08:50:00+00:00 | 2026-01-11T08:50:00+00:00->2026-01-11T10:05:00+00:00 | 2026-01-11T10:05:00+00:00->2026-01-11T12:05:00+00:00 | 2026-01-11T12:05:00+00:00->2026-01-11T14:15:00+00:00 | 2026-01-11T14:15:00+00:00->2026-01-11T16:25:00+00:00 | 2026-01-11T16:25:00+00:00->2026-01-11T17:05:00+00:00 | 2026-01-11T17:05:00+00:00->2026-01-11T17:35:00+00:00 | 2026-01-11T17:35:00+00:00->2026-01-11T18:25:00+00:00
37,↑ 向上,2026-01-11 18:25:00+00:00,底分型,87.7490295629529,2026-01-12 09:15:00+00:00,顶分型,112.708175080453,11,NO_GAP,False,226,24.96,0.2844,2026-01-11 18:10:00+00:00,2026-01-12 09:20:00+00:00,213 | 214 | 215 | 216 | 217 | 218 | 219 | 220 | 221 | 222 | 223,2026-01-11T18:25:00+00:00->2026-01-11T19:15:00+00:00 | 2026-01-11T19:15:00+00:00->2026-01-11T19:35:00+00:00 | 2026-01-11T19:35:00+00:00->2026-01-11T20:25:00+00:00 | 2026-01-11T20:25:00+00:00->2026-01-11T22:45:00+00:00 | 2026-01-11T22:45:00+00:00->2026-01-11T23:25:00+00:00 | 2026-01-11T23:25:00+00:00->2026-01-11T23:50:00+00:00 | 2026-01-11T23:50:00+00:00->2026-01-12T00:55:00+00:00 | 2026-01-12T00:55:00+00:00->2026-01-12T02:50:00+00:00 | 2026-01-12T02:50:00+00:00->2026-01-12T04:55:00+00:00 | 2026-01-12T04:55:00+00:00->2026-01-12T07:15:00+00:00 | 2026-01-12T07:15:00+00:00->2026-01-12T09:15:00+00:00
38,↓ 向下,2026-01-12 09:15:00+00:00,顶分型,112.708175080453,2026-01-12 19:45:00+00:00,底分型,87.00406698675793,5,NO_GAP,False,235,25.7,-0.2281,2026-01-12 09:10:00+00:00,2026-01-12 19:55:00+00:00,224 | 225 | 226 | 227 | 228,2026-01-12T09:15:00+00:00->2026-01-12T11:25:00+00:00 | 2026-01-12T11:25:00+00:00->2026-01-12T13:20:00+00:00 | 2026-01-12T13:20:00+00:00->2026-01-12T15:35:00+00:00 | 2026-01-12T15:35:00+00:00->2026-01-12T17:45:00+00:00 | 2026-01-12T17:45:00+00:00->2026-01-12T19:45:00+00:00
39,↑ 向上,2026-01-12 19:45:00+00:00,底分型,87.00406698675793,2026-01-13 06:25:00+00:00,顶分型,113.01246789158424,7,NO_GAP,False,242,26.01,0.2989,2026-01-12 19:40:00+00:00,2026-01-13 06:35:00+00:00,229 | 230 | 231 | 232 | 233 | 234 | 235,2026-01-12T19:45:00+00:00->2026-01-12T22:00:00+00:00 | 2026-01-12T22:00:00+00:00->2026-01-12T23:55:00+00:00 | 2026-01-12T23:55:00+00:00->2026-01-13T02:10:00+00:00 | 2026-01-13T02:10:00+00:00->2026-01-13T04:25:00+00:00 | 2026-01-13T04:25:00+00:00->2026-01-13T05:20:00+00:00 | 2026-01-13T05:20:00+00:00->2026-01-13T05:40:00+00:00 | 2026-01-13T05:40:00+00:00->2026-01-13T06:25:00+00:00
40,↓ 向下,2026-01-13 06:25:00+00:00,顶分型,113.01246789158424,2026-01-13 16:50:00+00:00,底分型,87.79254955991993,7,NO_GAP,False,245,25.22,-0.2232,2026-01-13 06:15:00+00:00,2026-01-13 17:10:00+00:00,236 | 237 | 238 | 239 | 240 | 241 | 242,2026-01-13T06:25:00+00:00->2026-01-13T08:35:00+00:00 | 2026-01-13T08:35:00+00:00->2026-01-13T10:30:00+00:00 | 2026-01-13T10:30:00+00:00->2026-01-13T12:45:00+00:00 | 2026-01-13T12:45:00+00:00->2026-01-13T13:40:00+00:00 | 2026-01-13T13:40:00+00:00->2026-01-13T14:05:00+00:00 | 2026-01-13T14:05:00+00:00->2026-01-13T14:50:00+00:00 | 2026-01-13T14:50:00+00:00->2026-01-13T16:50:00+00:00
41,↑ 向上,2026-01-13 16:50:00+00:00,底分型,87.79254955991993,2026-01-13 19:00:00+00:00,顶分型,112.65145456666403,3,NO_GAP,False,254,24.86,0.2832,2026-01-13 16:45:00+00:00,2026-01-13 19:10:00+00:00,243 | 244 | 245,2026-01-13T16:50:00+00:00->2026-01-13T17:50:00+00:00 | 2026-01-13T17:50:00+00:00->2026-01-13T18:20:00+00:00 | 2026-01-13T18:20:00+00:00->2026-01-13T19:00:00+00:00
42,↓ 向下,2026-01-13 19:00:00+00:00,顶分型,112.65145456666403,2026-01-14 09:50:00+00:00,底分型,88.65825947904035,9,NO_GAP,False,257,23.99,-0.213,2026-01-13 18:40:00+00:00,2026-01-14 09:55:00+00:00,246 | 247 | 248 | 249 | 250 | 251 | 252 | 253 | 254,2026-01-13T19:00:00+00:00->2026-01-13T21:10:00+00:00 | 2026-01-13T21:10:00+00:00->2026-01-13T23:30:00+00:00 | 2026-01-13T23:30:00+00:00->2026-01-14T01:30:00+00:00 | 2026-01-14T01:30:00+00:00->2026-01-14T03:25:00+00:00 | 2026-01-14T03:25:00+00:00->2026-01-14T05:40:00+00:00 | 2026-01-14T05:40:00+00:00->2026-01-14T07:45:00+00:00 | 2026-01-14T07:45:00+00:00->2026-01-14T08:50:00+00:00 | 2026-01-14T08:50:00+00:00->2026-01-14T09:15:00+00:00 | 2026-01-14T09:15:00+00:00->2026-01-14T09:50:00+00:00
43,↑ 向上,2026-01-14 09:50:00+00:00,底分型,88.65825947904035,2026-01-14 12:00:00+00:00,顶分型,110.54883416216087,3,NO_GAP,False,260,21.89,0.2469,2026-01-14 09:45:00+00:00,2026-01-14 12:10:00+00:00,255 | 256 | 257,2026-01-14T09:50:00+00:00->2026-01-14T10:50:00+00:00 | 2026-01-14T10:50:00+00:00->2026-01-14T11:20:00+00:00 | 2026-01-14T11:20:00+00:00->2026-01-14T12:00:00+00:00
44,↓ 向下,2026-01-14 12:00:00+00:00,顶分型,110.54883416216087,2026-01-14 14:10:00+00:00,底分型,88.87646074428991,3,NO_GAP,False,263,21.67,-0.196,2026-01-14 11:50:00+00:00,2026-01-14 14:15:00+00:00,258 | 259 | 260,2026-01-14T12:00:00+00:00->2026-01-14T13:15:00+00:00 | 2026-01-14T13:15:00+00:00->2026-01-14T13:30:00+00:00 | 2026-01-14T13:30:00+00:00->2026-01-14T14:10:00+00:00
45,↑ 向上,2026-01-14 14:10:00+00:00,底分型,88.87646074428991,2026-01-14 16:10:00+00:00,顶分型,110.59159920432657,3,NO_GAP,False,268,21.72,0.2443,2026-01-14 14:05:00+00:00,2026-01-14 16:25:00+00:00,261 | 262 | 263,2026-01-14T14:10:00+00:00->2026-01-14T15:15:00+00:00 | 2026-01-14T15:15:00+00:00->2026-01-14T15:35:00+00:00 | 2026-01-14T15:35:00+00:00->2026-01-14T16:10:00+00:00
46,↓ 向下,2026-01-14 16:10:00+00:00,顶分型,110.59159920432657,2026-01-14 22:25:00+00:00,底分型,90.50241512504655,5,NO_GAP,False,271,20.09,-0.1817,2026-01-14 16:00:00+00:00,2026-01-14 22:35:00+00:00,264 | 265 | 266 | 267 | 268,2026-01-14T16:10:00+00:00->2026-01-14T18:25:00+00:00 | 2026-01-14T18:25:00+00:00->2026-01-14T20:25:00+00:00 | 2026-01-14T20:25:00+00:00->2026-01-14T21:20:00+00:00 | 2026-01-14T21:20:00+00:00->2026-01-14T21:50:00+00:00 | 2026-01-14T21:50:00+00:00->2026-01-14T22:25:00+00:00
47,↑ 向上,2026-01-14 22:25:00+00:00,底分型,90.50241512504655,2026-01-15 00:50:00+00:00,顶分型,110.1892086671768,3,NO_GAP,False,276,19.69,0.2175,2026-01-14 22:10:00+00:00,2026-01-15 00:55:00+00:00,269 | 270 | 271,2026-01-14T22:25:00+00:00->2026-01-14T23:35:00+00:00 | 2026-01-14T23:35:00+00:00->2026-01-15T00:05:00+00:00 | 2026-01-15T00:05:00+00:00->2026-01-15T00:50:00+00:00
48,↓ 向下,2026-01-15 00:50:00+00:00,顶分型,110.1892086671768,2026-01-15 05:55:00+00:00,底分型,89.62247220897916,5,GAP_REVERSE_FRACTAL,True,282,20.57,-0.1866,2026-01-15 00:30:00+00:00,2026-01-15 06:00:00+00:00,272 | 273 | 274 | 275 | 276,2026-01-15T00:50:00+00:00->2026-01-15T02:45:00+00:00 | 2026-01-15T02:45:00+00:00->2026-01-15T03:40:00+00:00 | 2026-01-15T03:40:00+00:00->2026-01-15T04:20:00+00:00 | 2026-01-15T04:20:00+00:00->2026-01-15T04:55:00+00:00 | 2026-01-15T04:55:00+00:00->2026-01-15T05:55:00+00:00
49,↑ 向上,2026-01-15 05:55:00+00:00,底分型,89.62247220897916,2026-01-15 07:50:00+00:00,顶分型,109.09600864281691,3,GAP_REVERSE_FRACTAL,True,289,19.47,0.2173,2026-01-15 05:50:00+00:00,2026-01-15 08:00:00+00:00,277 | 278 | 279,2026-01-15T05:55:00+00:00->2026-01-15T06:35:00+00:00 | 2026-01-15T06:35:00+00:00->2026-01-15T06:55:00+00:00 | 2026-01-15T06:55:00+00:00->2026-01-15T07:50:00+00:00
50,↓ 向下,2026-01-15 07:50:00+00:00,顶分型,109.09600864281691,2026-01-15 10:10:00+00:00,底分型,89.98405573556515,3,GAP_REVERSE_FRACTAL,True,292,19.11,-0.1752,2026-01-15 07:45:00+00:00,2026-01-15 10:20:00+00:00,280 | 281 | 282,2026-01-15T07:50:00+00:00->2026-01-15T08:50:00+00:00 | 2026-01-15T08:50:00+00:00->2026-01-15T09:15:00+00:00 | 2026-01-15T09:15:00+00:00->2026-01-15T10:10:00+00:00
51,↑ 向上,2026-01-15 10:10:00+00:00,底分型,89.98405573556515,2026-01-15 16:25:00+00:00,顶分型,110.54848436717462,7,NO_GAP,False,292,20.56,0.2285,2026-01-15 10:00:00+00:00,2026-01-15 16:30:00+00:00,283 | 284 | 285 | 286 | 287 | 288 | 289,2026-01-15T10:10:00+00:00->2026-01-15T12:20:00+00:00 | 2026-01-15T12:20:00+00:00->2026-01-15T13:00:00+00:00 | 2026-01-15T13:00:00+00:00->2026-01-15T13:30:00+00:00 | 2026-01-15T13:30:00+00:00->2026-01-15T14:20:00+00:00 | 2026-01-15T14:20:00+00:00->2026-01-15T15:00:00+00:00 | 2026-01-15T15:00:00+00:00->2026-01-15T15:35:00+00:00 | 2026-01-15T15:35:00+00:00->2026-01-15T16:25:00+00:00
52,↓ 向下,2026-01-15 16:25:00+00:00,顶分型,110.54848436717462,2026-01-15 18:45:00+00:00,底分型,89.59522796657207,3,GAP_REVERSE_FRACTAL,True,302,20.95,-0.1895,2026-01-15 16:20:00+00:00,2026-01-15 18:50:00+00:00,290 | 291 | 292,2026-01-15T16:25:00+00:00->2026-01-15T17:05:00+00:00 | 2026-01-15T17:05:00+00:00->2026-01-15T17:30:00+00:00 | 2026-01-15T17:30:00+00:00->2026-01-15T18:45:00+00:00
53,↑ 向上,2026-01-15 18:45:00+00:00,底分型,89.59522796657207,2026-01-16 00:50:00+00:00,顶分型,111.5349572358613,7,NO_GAP,False,302,21.94,0.2449,2026-01-15 18:35:00+00:00,2026-01-16 01:00:00+00:00,293 | 294 | 295 | 296 | 297 | 298 | 299,2026-01-15T18:45:00+00:00->2026-01-15T19:20:00+00:00 | 2026-01-15T19:20:00+00:00->2026-01-15T19:50:00+00:00 | 2026-01-15T19:50:00+00:00->2026-01-15T20:45:00+00:00 | 2026-01-15T20:45:00+00:00->2026-01-15T22:50:00+00:00 | 2026-01-15T22:50:00+00:00->2026-01-15T23:30:00+00:00 | 2026-01-15T23:30:00+00:00->2026-01-16T00:10:00+00:00 | 2026-01-16T00:10:00+00:00->2026-01-16T00:50:00+00:00
54,↓ 向下,2026-01-16 00:50:00+00:00,顶分型,111.5349572358613,2026-01-16 03:10:00+00:00,底分型,88.27700274265626,3,GAP_REVERSE_FRACTAL,True,310,23.26,-0.2085,2026-01-16 00:45:00+00:00,2026-01-16 03:15:00+00:00,300 | 301 | 302,2026-01-16T00:50:00+00:00->2026-01-16T01:45:00+00:00 | 2026-01-16T01:45:00+00:00->2026-01-16T02:10:00+00:00 | 2026-01-16T02:10:00+00:00->2026-01-16T03:10:00+00:00
55,↑ 向上,2026-01-16 03:10:00+00:00,底分型,88.27700274265626,2026-01-16 09:20:00+00:00,顶分型,111.3977234276886,5,GAP_REVERSE_FRACTAL,True,313,23.12,0.2619,2026-01-16 03:05:00+00:00,2026-01-16 09:35:00+00:00,303 | 304 | 305 | 306 | 307,2026-01-16T03:10:00+00:00->2026-01-16T05:15:00+00:00 | 2026-01-16T05:15:00+00:00->2026-01-16T07:30:00+00:00 | 2026-01-16T07:30:00+00:00->2026-01-16T08:00:00+00:00 | 2026-01-16T08:00:00+00:00->2026-01-16T08:30:00+00:00 | 2026-01-16T08:30:00+00:00->2026-01-16T09:20:00+00:00
56,↓ 向下,2026-01-16 09:20:00+00:00,顶分型,111.3977234276886,2026-01-16 11:35:00+00:00,底分型,87.5701227501662,3,NO_GAP,False,313,23.83,-0.2139,2026-01-16 09:15:00+00:00,2026-01-16 11:40:00+00:00,308 | 309 | 310,2026-01-16T09:20:00+00:00->2026-01-16T10:10:00+00:00 | 2026-01-16T10:10:00+00:00->2026-01-16T10:35:00+00:00 | 2026-01-16T10:35:00+00:00->2026-01-16T11:35:00+00:00
57,↑ 向上,2026-01-16 11:35:00+00:00,底分型,87.5701227501662,2026-01-16 22:10:00+00:00,顶分型,113.11064916663504,7,NO_GAP,False,324,25.54,0.2917,2026-01-16 11:20:00+00:00,2026-01-16 22:15:00+00:00,311 | 312 | 313 | 314 | 315 | 316 | 317,2026-01-16T11:35:00+00:00->2026-01-16T13:35:00+00:00 | 2026-01-16T13:35:00+00:00->2026-01-16T15:50:00+00:00 | 2026-01-16T15:50:00+00:00->2026-01-16T17:50:00+00:00 | 2026-01-16T17:50:00+00:00->2026-01-16T20:00:00+00:00 | 2026-01-16T20:00:00+00:00->2026-01-16T20:50:00+00:00 | 2026-01-16T20:50:00+00:00->2026-01-16T21:05:00+00:00 | 2026-01-16T21:05:00+00:00->2026-01-16T22:10:00+00:00
58,↓ 向下,2026-01-16 22:10:00+00:00,顶分型,113.11064916663504,2026-01-17 13:05:00+00:00,底分型,86.98373467516149,9,NO_GAP,False,329,26.13,-0.231,2026-01-16 22:05:00+00:00,2026-01-17 13:10:00+00:00,318 | 319 | 320 | 321 | 322 | 323 | 324 | 325 | 326,2026-01-16T22:10:00+00:00->2026-01-17T00:15:00+00:00 | 2026-01-17T00:15:00+00:00->2026-01-17T02:20:00+00:00 | 2026-01-17T02:20:00+00:00->2026-01-17T04:35:00+00:00 | 2026-01-17T04:35:00+00:00->2026-01-17T05:20:00+00:00 | 2026-01-17T05:20:00+00:00->2026-01-17T05:40:00+00:00 | 2026-01-17T05:40:00+00:00->2026-01-17T06:30:00+00:00 | 2026-01-17T06:30:00+00:00->2026-01-17T08:40:00+00:00 | 2026-01-17T08:40:00+00:00->2026-01-17T10:45:00+00:00 | 2026-01-17T10:45:00+00:00->2026-01-17T13:05:00+00:00
59,↑ 向上,2026-01-17 13:05:00+00:00,底分型,86.98373467516149,2026-01-17 19:20:00+00:00,顶分型,112.67814352878682,5,NO_GAP,False,334,25.69,0.2954,2026-01-17 12:55:00+00:00,2026-01-17 19:25:00+00:00,327 | 328 | 329 | 330 | 331,2026-01-17T13:05:00+00:00->2026-01-17T13:45:00+00:00 | 2026-01-17T13:45:00+00:00->2026-01-17T14:10:00+00:00 | 2026-01-17T14:10:00+00:00->2026-01-17T15:00:00+00:00 | 2026-01-17T15:00:00+00:00->2026-01-17T17:15:00+00:00 | 2026-01-17T17:15:00+00:00->2026-01-17T19:20:00+00:00
60,↓ 向下,2026-01-17 19:20:00+00:00,顶分型,112.67814352878682,2026-01-18 01:35:00+00:00,底分型,86.90753177610257,3,NO_GAP,False,337,25.77,-0.2287,2026-01-17 19:05:00+00:00,2026-01-18 01:45:00+00:00,332 | 333 | 334,2026-01-17T19:20:00+00:00->2026-01-17T21:20:00+00:00 | 2026-01-17T21:20:00+00:00->2026-01-17T23:30:00+00:00 | 2026-01-17T23:30:00+00:00->2026-01-18T01:35:00+00:00
