序号,一致,本项目时间,CZSC时间,本项目OHLC,CZSC OHLC,本项目原始K数,CZSC原始K数,本项目原始范围,CZSC原始范围
0,True,2019-10-14 06:00:00+00:00,2019-10-14 06:00:00+00:00,8311.31/8333.42/8297.19/8319.35,8311.31/8333.42/8297.19/8319.35,1,1,2019-10-14T06:00:00+00:00 ~ 2019-10-14T06:00:00+00:00,2019-10-14T06:00:00+00:00 ~ 2019-10-14T06:00:00+00:00
1,True,2019-10-14 07:00:00+00:00,2019-10-14 07:00:00+00:00,8319.35/8320/8280.44/8305.76,8319.35/8320/8280.44/8305.76,1,1,2019-10-14T07:00:00+00:00 ~ 2019-10-14T07:00:00+00:00,2019-10-14T07:00:00+00:00 ~ 2019-10-14T07:00:00+00:00
2,True,2019-10-14 09:00:00+00:00,2019-10-14 09:00:00+00:00,8325.62/8325.62/8294.08/8294.08,8325.62/8325.62/8294.08/8294.08,2,2,2019-10-14T08:00:00+00:00 ~ 2019-10-14T09:00:00+00:00,2019-10-14T08:00:00+00:00 ~ 2019-10-14T09:00:00+00:00
3,True,2019-10-14 10:00:00+00:00,2019-10-14 10:00:00+00:00,8299.98/8316.01/8289.79/8307.06,8299.98/8316.01/8289.79/8307.06,1,1,2019-10-14T10:00:00+00:00 ~ 2019-10-14T10:00:00+00:00,2019-10-14T10:00:00+00:00 ~ 2019-10-14T10:00:00+00:00
4,True,2019-10-14 11:00:00+00:00,2019-10-14 11:00:00+00:00,8307.03/8307.4/8277/8280.32,8307.03/8307.4/8277/8280.32,1,1,2019-10-14T11:00:00+00:00 ~ 2019-10-14T11:00:00+00:00,2019-10-14T11:00:00+00:00 ~ 2019-10-14T11:00:00+00:00
5,True,2019-10-14 12:00:00+00:00,2019-10-14 12:00:00+00:00,8280.08/8284.02/8242.22/8256,8280.08/8284.02/8242.22/8256,1,1,2019-10-14T12:00:00+00:00 ~ 2019-10-14T12:00:00+00:00,2019-10-14T12:00:00+00:00 ~ 2019-10-14T12:00:00+00:00
6,True,2019-10-14 13:00:00+00:00,2019-10-14 13:00:00+00:00,8256.03/8290/8250/8286.73,8256.03/8290/8250/8286.73,1,1,2019-10-14T13:00:00+00:00 ~ 2019-10-14T13:00:00+00:00,2019-10-14T13:00:00+00:00 ~ 2019-10-14T13:00:00+00:00
7,True,2019-10-14 14:00:00+00:00,2019-10-14 14:00:00+00:00,8286.73/8291.47/8260.16/8262.09,8286.73/8291.47/8260.16/8262.09,1,1,2019-10-14T14:00:00+00:00 ~ 2019-10-14T14:00:00+00:00,2019-10-14T14:00:00+00:00 ~ 2019-10-14T14:00:00+00:00
8,True,2019-10-14 16:00:00+00:00,2019-10-14 16:00:00+00:00,8203/8276.33/8203/8276.33,8203/8276.33/8203/8276.33,2,2,2019-10-14T15:00:00+00:00 ~ 2019-10-14T16:00:00+00:00,2019-10-14T15:00:00+00:00 ~ 2019-10-14T16:00:00+00:00
9,True,2019-10-14 17:00:00+00:00,2019-10-14 17:00:00+00:00,8331.11/8355/8320.01/8326.97,8331.11/8355/8320.01/8326.97,1,1,2019-10-14T17:00:00+00:00 ~ 2019-10-14T17:00:00+00:00,2019-10-14T17:00:00+00:00 ~ 2019-10-14T17:00:00+00:00
10,True,2019-10-14 19:00:00+00:00,2019-10-14 19:00:00+00:00,8377/8377/8325/8325,8377/8377/8325/8325,2,2,2019-10-14T18:00:00+00:00 ~ 2019-10-14T19:00:00+00:00,2019-10-14T18:00:00+00:00 ~ 2019-10-14T19:00:00+00:00
11,True,2019-10-14 21:00:00+00:00,2019-10-14 21:00:00+00:00,8344.5/8344.5/8251.89/8251.89,8344.5/8344.5/8251.89/8251.89,2,2,2019-10-14T20:00:00+00:00 ~ 2019-10-14T21:00:00+00:00,2019-10-14T20:00:00+00:00 ~ 2019-10-14T21:00:00+00:00
12,True,2019-10-14 22:00:00+00:00,2019-10-14 22:00:00+00:00,8328.63/8349.95/8328.63/8349.95,8328.63/8349.95/8328.63/8349.95,2,2,2019-10-14T22:00:00+00:00 ~ 2019-10-14T23:00:00+00:00,2019-10-14T22:00:00+00:00 ~ 2019-10-14T23:00:00+00:00
13,True,2019-10-15 00:00:00+00:00,2019-10-15 00:00:00+00:00,8346.86/8403/8346.8/8356.4,8346.86/8403/8346.8/8356.4,1,1,2019-10-15T00:00:00+00:00 ~ 2019-10-15T00:00:00+00:00,2019-10-15T00:00:00+00:00 ~ 2019-10-15T00:00:00+00:00
14,True,2019-10-15 01:00:00+00:00,2019-10-15 01:00:00+00:00,8353.93/8364.77/8323.87/8328.29,8353.93/8364.77/8323.87/8328.29,1,1,2019-10-15T01:00:00+00:00 ~ 2019-10-15T01:00:00+00:00,2019-10-15T01:00:00+00:00 ~ 2019-10-15T01:00:00+00:00
15,True,2019-10-15 02:00:00+00:00,2019-10-15 02:00:00+00:00,8328.27/8336.48/8311.77/8332.68,8328.27/8336.48/8311.77/8332.68,1,1,2019-10-15T02:00:00+00:00 ~ 2019-10-15T02:00:00+00:00,2019-10-15T02:00:00+00:00 ~ 2019-10-15T02:00:00+00:00
16,True,2019-10-15 03:00:00+00:00,2019-10-15 03:00:00+00:00,8332.97/8333.67/8311.11/8315.19,8332.97/8333.67/8311.11/8315.19,1,1,2019-10-15T03:00:00+00:00 ~ 2019-10-15T03:00:00+00:00,2019-10-15T03:00:00+00:00 ~ 2019-10-15T03:00:00+00:00
17,True,2019-10-15 04:00:00+00:00,2019-10-15 04:00:00+00:00,8316.26/8332.47/8302.25/8326.78,8316.26/8332.47/8302.25/8326.78,1,1,2019-10-15T04:00:00+00:00 ~ 2019-10-15T04:00:00+00:00,2019-10-15T04:00:00+00:00 ~ 2019-10-15T04:00:00+00:00
18,True,2019-10-15 06:00:00+00:00,2019-10-15 06:00:00+00:00,8340.84/8340.84/8313.48/8313.48,8340.84/8340.84/8313.48/8313.48,2,2,2019-10-15T05:00:00+00:00 ~ 2019-10-15T06:00:00+00:00,2019-10-15T05:00:00+00:00 ~ 2019-10-15T06:00:00+00:00
19,True,2019-10-15 07:00:00+00:00,2019-10-15 07:00:00+00:00,8302.36/8315.1/8266.61/8281.04,8302.36/8315.1/8266.61/8281.04,1,1,2019-10-15T07:00:00+00:00 ~ 2019-10-15T07:00:00+00:00,2019-10-15T07:00:00+00:00 ~ 2019-10-15T07:00:00+00:00
20,True,2019-10-15 08:00:00+00:00,2019-10-15 08:00:00+00:00,8290.12/8290.12/8258.4/8258.4,8290.12/8290.12/8258.4/8258.4,2,2,2019-10-15T08:00:00+00:00 ~ 2019-10-15T09:00:00+00:00,2019-10-15T08:00:00+00:00 ~ 2019-10-15T09:00:00+00:00
21,True,2019-10-15 10:00:00+00:00,2019-10-15 10:00:00+00:00,8321.64/8321.64/8280/8280,8321.64/8321.64/8280/8280,2,2,2019-10-15T10:00:00+00:00 ~ 2019-10-15T11:00:00+00:00,2019-10-15T10:00:00+00:00 ~ 2019-10-15T11:00:00+00:00
22,True,2019-10-15 12:00:00+00:00,2019-10-15 12:00:00+00:00,8323.23/8323.23/8286.91/8286.91,8323.23/8323.23/8286.91/8286.91,2,2,2019-10-15T12:00:00+00:00 ~ 2019-10-15T13:00:00+00:00,2019-10-15T12:00:00+00:00 ~ 2019-10-15T13:00:00+00:00
23,True,2019-10-15 16:00:00+00:00,2019-10-15 16:00:00+00:00,8159/8159/8090/8090,8159/8159/8090/8090,9,9,2019-10-15T14:00:00+00:00 ~ 2019-10-15T22:00:00+00:00,2019-10-15T14:00:00+00:00 ~ 2019-10-15T22:00:00+00:00
24,True,2019-10-15 23:00:00+00:00,2019-10-15 23:00:00+00:00,8158.01/8182.77/8158.01/8182.77,8158.01/8182.77/8158.01/8182.77,3,3,2019-10-15T23:00:00+00:00 ~ 2019-10-16T01:00:00+00:00,2019-10-15T23:00:00+00:00 ~ 2019-10-16T01:00:00+00:00
25,True,2019-10-16 02:00:00+00:00,2019-10-16 02:00:00+00:00,8170.56/8180.26/8155.27/8159.13,8170.56/8180.26/8155.27/8159.13,1,1,2019-10-16T02:00:00+00:00 ~ 2019-10-16T02:00:00+00:00,2019-10-16T02:00:00+00:00 ~ 2019-10-16T02:00:00+00:00
26,True,2019-10-16 03:00:00+00:00,2019-10-16 03:00:00+00:00,8158.75/8168.74/8145.5/8167.51,8158.75/8168.74/8145.5/8167.51,1,1,2019-10-16T03:00:00+00:00 ~ 2019-10-16T03:00:00+00:00,2019-10-16T03:00:00+00:00 ~ 2019-10-16T03:00:00+00:00
27,True,2019-10-16 06:00:00+00:00,2019-10-16 06:00:00+00:00,8177.27/8177.27/8158.24/8158.24,8177.27/8177.27/8158.24/8158.24,3,3,2019-10-16T04:00:00+00:00 ~ 2019-10-16T06:00:00+00:00,2019-10-16T04:00:00+00:00 ~ 2019-10-16T06:00:00+00:00
28,True,2019-10-16 07:00:00+00:00,2019-10-16 07:00:00+00:00,8151.02/8166.27/8120/8134.93,8151.02/8166.27/8120/8134.93,1,1,2019-10-16T07:00:00+00:00 ~ 2019-10-16T07:00:00+00:00,2019-10-16T07:00:00+00:00 ~ 2019-10-16T07:00:00+00:00
29,True,2019-10-16 09:00:00+00:00,2019-10-16 09:00:00+00:00,8100/8145.13/8100/8145.13,8100/8145.13/8100/8145.13,2,2,2019-10-16T08:00:00+00:00 ~ 2019-10-16T09:00:00+00:00,2019-10-16T08:00:00+00:00 ~ 2019-10-16T09:00:00+00:00
30,True,2019-10-16 10:00:00+00:00,2019-10-16 10:00:00+00:00,8149.8/8162/8131/8143.52,8149.8/8162/8131/8143.52,1,1,2019-10-16T10:00:00+00:00 ~ 2019-10-16T10:00:00+00:00,2019-10-16T10:00:00+00:00 ~ 2019-10-16T10:00:00+00:00
31,True,2019-10-16 11:00:00+00:00,2019-10-16 11:00:00+00:00,8143.89/8150/8010/8056,8143.89/8150/8010/8056,1,1,2019-10-16T11:00:00+00:00 ~ 2019-10-16T11:00:00+00:00,2019-10-16T11:00:00+00:00 ~ 2019-10-16T11:00:00+00:00
32,True,2019-10-16 16:00:00+00:00,2019-10-16 16:00:00+00:00,7969.48/7969.48/7917/7917,7969.48/7969.48/7917/7917,8,8,2019-10-16T12:00:00+00:00 ~ 2019-10-16T19:00:00+00:00,2019-10-16T12:00:00+00:00 ~ 2019-10-16T19:00:00+00:00
33,True,2019-10-16 20:00:00+00:00,2019-10-16 20:00:00+00:00,7958.16/7989.97/7957.55/7987.06,7958.16/7989.97/7957.55/7987.06,1,1,2019-10-16T20:00:00+00:00 ~ 2019-10-16T20:00:00+00:00,2019-10-16T20:00:00+00:00 ~ 2019-10-16T20:00:00+00:00
34,True,2019-10-16 21:00:00+00:00,2019-10-16 21:00:00+00:00,7987.83/7990/7974.28/7978.27,7987.83/7990/7974.28/7978.27,1,1,2019-10-16T21:00:00+00:00 ~ 2019-10-16T21:00:00+00:00,2019-10-16T21:00:00+00:00 ~ 2019-10-16T21:00:00+00:00
35,True,2019-10-16 22:00:00+00:00,2019-10-16 22:00:00+00:00,7978.38/8011/7978/8002.8,7978.38/8011/7978/8002.8,1,1,2019-10-16T22:00:00+00:00 ~ 2019-10-16T22:00:00+00:00,2019-10-16T22:00:00+00:00 ~ 2019-10-16T22:00:00+00:00
36,True,2019-10-16 23:00:00+00:00,2019-10-16 23:00:00+00:00,8004.61/8023/7991.36/7991.74,8004.61/8023/7991.36/7991.74,1,1,2019-10-16T23:00:00+00:00 ~ 2019-10-16T23:00:00+00:00,2019-10-16T23:00:00+00:00 ~ 2019-10-16T23:00:00+00:00
37,True,2019-10-17 00:00:00+00:00,2019-10-17 00:00:00+00:00,7974.88/7974.88/7952.63/7952.63,7974.88/7974.88/7952.63/7952.63,2,2,2019-10-17T00:00:00+00:00 ~ 2019-10-17T01:00:00+00:00,2019-10-17T00:00:00+00:00 ~ 2019-10-17T01:00:00+00:00
38,True,2019-10-17 02:00:00+00:00,2019-10-17 02:00:00+00:00,7989.86/7989.86/7965/7965,7989.86/7989.86/7965/7965,2,2,2019-10-17T02:00:00+00:00 ~ 2019-10-17T03:00:00+00:00,2019-10-17T02:00:00+00:00 ~ 2019-10-17T03:00:00+00:00
39,True,2019-10-17 04:00:00+00:00,2019-10-17 04:00:00+00:00,7968.71/7974.18/7929.03/7933.37,7968.71/7974.18/7929.03/7933.37,1,1,2019-10-17T04:00:00+00:00 ~ 2019-10-17T04:00:00+00:00,2019-10-17T04:00:00+00:00 ~ 2019-10-17T04:00:00+00:00
40,True,2019-10-17 05:00:00+00:00,2019-10-17 05:00:00+00:00,7933.34/7986/7930/7976.85,7933.34/7986/7930/7976.85,1,1,2019-10-17T05:00:00+00:00 ~ 2019-10-17T05:00:00+00:00,2019-10-17T05:00:00+00:00 ~ 2019-10-17T05:00:00+00:00
41,True,2019-10-17 06:00:00+00:00,2019-10-17 06:00:00+00:00,7960.72/7990/7960.72/7990,7960.72/7990/7960.72/7990,2,2,2019-10-17T06:00:00+00:00 ~ 2019-10-17T07:00:00+00:00,2019-10-17T06:00:00+00:00 ~ 2019-10-17T07:00:00+00:00
42,True,2019-10-17 08:00:00+00:00,2019-10-17 08:00:00+00:00,8016.44/8077.77/8016.44/8077.77,8016.44/8077.77/8016.44/8077.77,2,2,2019-10-17T08:00:00+00:00 ~ 2019-10-17T09:00:00+00:00,2019-10-17T08:00:00+00:00 ~ 2019-10-17T09:00:00+00:00
43,True,2019-10-17 10:00:00+00:00,2019-10-17 10:00:00+00:00,8064.85/8099.98/8062.54/8079.5,8064.85/8099.98/8062.54/8079.5,1,1,2019-10-17T10:00:00+00:00 ~ 2019-10-17T10:00:00+00:00,2019-10-17T10:00:00+00:00 ~ 2019-10-17T10:00:00+00:00
44,True,2019-10-17 11:00:00+00:00,2019-10-17 11:00:00+00:00,8080.39/8118.86/8063.59/8067.2,8080.39/8118.86/8063.59/8067.2,1,1,2019-10-17T11:00:00+00:00 ~ 2019-10-17T11:00:00+00:00,2019-10-17T11:00:00+00:00 ~ 2019-10-17T11:00:00+00:00
45,True,2019-10-17 12:00:00+00:00,2019-10-17 12:00:00+00:00,8066.66/8074.93/8016.01/8046.48,8066.66/8074.93/8016.01/8046.48,1,1,2019-10-17T12:00:00+00:00 ~ 2019-10-17T12:00:00+00:00,2019-10-17T12:00:00+00:00 ~ 2019-10-17T12:00:00+00:00
46,True,2019-10-17 13:00:00+00:00,2019-10-17 13:00:00+00:00,8046.55/8078.93/8041.85/8064.2,8046.55/8078.93/8041.85/8064.2,1,1,2019-10-17T13:00:00+00:00 ~ 2019-10-17T13:00:00+00:00,2019-10-17T13:00:00+00:00 ~ 2019-10-17T13:00:00+00:00
47,True,2019-10-17 14:00:00+00:00,2019-10-17 14:00:00+00:00,8064.94/8070/8030.49/8052.04,8064.94/8070/8030.49/8052.04,1,1,2019-10-17T14:00:00+00:00 ~ 2019-10-17T14:00:00+00:00,2019-10-17T14:00:00+00:00 ~ 2019-10-17T14:00:00+00:00
48,True,2019-10-17 15:00:00+00:00,2019-10-17 15:00:00+00:00,8052.05/8091.6/8045.19/8069.39,8052.05/8091.6/8045.19/8069.39,1,1,2019-10-17T15:00:00+00:00 ~ 2019-10-17T15:00:00+00:00,2019-10-17T15:00:00+00:00 ~ 2019-10-17T15:00:00+00:00
49,True,2019-10-17 16:00:00+00:00,2019-10-17 16:00:00+00:00,8124.92/8124.92/8070/8070,8124.92/8124.92/8070/8070,3,3,2019-10-17T16:00:00+00:00 ~ 2019-10-17T18:00:00+00:00,2019-10-17T16:00:00+00:00 ~ 2019-10-17T18:00:00+00:00
50,True,2019-10-17 19:00:00+00:00,2019-10-17 19:00:00+00:00,8073.11/8074.32/8042.03/8059.92,8073.11/8074.32/8042.03/8059.92,1,1,2019-10-17T19:00:00+00:00 ~ 2019-10-17T19:00:00+00:00,2019-10-17T19:00:00+00:00 ~ 2019-10-17T19:00:00+00:00
51,True,2019-10-17 20:00:00+00:00,2019-10-17 20:00:00+00:00,8059.32/8066.9/8032.54/8038.02,8059.32/8066.9/8032.54/8038.02,1,1,2019-10-17T20:00:00+00:00 ~ 2019-10-17T20:00:00+00:00,2019-10-17T20:00:00+00:00 ~ 2019-10-17T20:00:00+00:00
52,True,2019-10-17 21:00:00+00:00,2019-10-17 21:00:00+00:00,8038.8/8068.56/8034.81/8061.84,8038.8/8068.56/8034.81/8061.84,1,1,2019-10-17T21:00:00+00:00 ~ 2019-10-17T21:00:00+00:00,2019-10-17T21:00:00+00:00 ~ 2019-10-17T21:00:00+00:00
53,True,2019-10-17 22:00:00+00:00,2019-10-17 22:00:00+00:00,8061.11/8071.13/8040.47/8053.78,8061.11/8071.13/8040.47/8053.78,1,1,2019-10-17T22:00:00+00:00 ~ 2019-10-17T22:00:00+00:00,2019-10-17T22:00:00+00:00 ~ 2019-10-17T22:00:00+00:00
54,True,2019-10-17 23:00:00+00:00,2019-10-17 23:00:00+00:00,8053.94/8076.73/8044.14/8070.58,8053.94/8076.73/8044.14/8070.58,1,1,2019-10-17T23:00:00+00:00 ~ 2019-10-17T23:00:00+00:00,2019-10-17T23:00:00+00:00 ~ 2019-10-17T23:00:00+00:00
55,True,2019-10-18 00:00:00+00:00,2019-10-18 00:00:00+00:00,8070.71/8093.51/8050/8080.86,8070.71/8093.51/8050/8080.86,1,1,2019-10-18T00:00:00+00:00 ~ 2019-10-18T00:00:00+00:00,2019-10-18T00:00:00+00:00 ~ 2019-10-18T00:00:00+00:00
56,True,2019-10-18 01:00:00+00:00,2019-10-18 01:00:00+00:00,8080.63/8109.61/8068.7/8109.6,8080.63/8109.61/8068.7/8109.6,1,1,2019-10-18T01:00:00+00:00 ~ 2019-10-18T01:00:00+00:00,2019-10-18T01:00:00+00:00 ~ 2019-10-18T01:00:00+00:00
57,True,2019-10-18 02:00:00+00:00,2019-10-18 02:00:00+00:00,8109.6/8115/8069.13/8081.33,8109.6/8115/8069.13/8081.33,1,1,2019-10-18T02:00:00+00:00 ~ 2019-10-18T02:00:00+00:00,2019-10-18T02:00:00+00:00 ~ 2019-10-18T02:00:00+00:00
58,True,2019-10-18 03:00:00+00:00,2019-10-18 03:00:00+00:00,8081.34/8085/8055.05/8064.81,8081.34/8085/8055.05/8064.81,1,1,2019-10-18T03:00:00+00:00 ~ 2019-10-18T03:00:00+00:00,2019-10-18T03:00:00+00:00 ~ 2019-10-18T03:00:00+00:00
59,True,2019-10-18 04:00:00+00:00,2019-10-18 04:00:00+00:00,8065.65/8072.54/8050/8064.24,8065.65/8072.54/8050/8064.24,1,1,2019-10-18T04:00:00+00:00 ~ 2019-10-18T04:00:00+00:00,2019-10-18T04:00:00+00:00 ~ 2019-10-18T04:00:00+00:00
60,True,2019-10-18 05:00:00+00:00,2019-10-18 05:00:00+00:00,7917.43/7917.43/7856.89/7856.89,7917.43/7917.43/7856.89/7856.89,3,3,2019-10-18T05:00:00+00:00 ~ 2019-10-18T07:00:00+00:00,2019-10-18T05:00:00+00:00 ~ 2019-10-18T07:00:00+00:00
61,True,2019-10-18 08:00:00+00:00,2019-10-18 08:00:00+00:00,7911.59/7911.63/7816.01/7878,7911.59/7911.63/7816.01/7878,1,1,2019-10-18T08:00:00+00:00 ~ 2019-10-18T08:00:00+00:00,2019-10-18T08:00:00+00:00 ~ 2019-10-18T08:00:00+00:00
62,True,2019-10-18 09:00:00+00:00,2019-10-18 09:00:00+00:00,7923.87/7923.87/7880/7880,7923.87/7923.87/7880/7880,2,2,2019-10-18T09:00:00+00:00 ~ 2019-10-18T10:00:00+00:00,2019-10-18T09:00:00+00:00 ~ 2019-10-18T10:00:00+00:00
63,True,2019-10-18 11:00:00+00:00,2019-10-18 11:00:00+00:00,7900.4/7942/7900/7920.42,7900.4/7942/7900/7920.42,1,1,2019-10-18T11:00:00+00:00 ~ 2019-10-18T11:00:00+00:00,2019-10-18T11:00:00+00:00 ~ 2019-10-18T11:00:00+00:00
64,True,2019-10-18 12:00:00+00:00,2019-10-18 12:00:00+00:00,7920.6/7975/7919.19/7920,7920.6/7975/7919.19/7920,1,1,2019-10-18T12:00:00+00:00 ~ 2019-10-18T12:00:00+00:00,2019-10-18T12:00:00+00:00 ~ 2019-10-18T12:00:00+00:00
65,True,2019-10-18 13:00:00+00:00,2019-10-18 13:00:00+00:00,7920.69/7951.2/7915/7932.81,7920.69/7951.2/7915/7932.81,1,1,2019-10-18T13:00:00+00:00 ~ 2019-10-18T13:00:00+00:00,2019-10-18T13:00:00+00:00 ~ 2019-10-18T13:00:00+00:00
66,True,2019-10-18 14:00:00+00:00,2019-10-18 14:00:00+00:00,7930.93/7933.31/7884.01/7906.51,7930.93/7933.31/7884.01/7906.51,1,1,2019-10-18T14:00:00+00:00 ~ 2019-10-18T14:00:00+00:00,2019-10-18T14:00:00+00:00 ~ 2019-10-18T14:00:00+00:00
67,True,2019-10-18 15:00:00+00:00,2019-10-18 15:00:00+00:00,7906.5/7937/7906.5/7920.01,7906.5/7937/7906.5/7920.01,1,1,2019-10-18T15:00:00+00:00 ~ 2019-10-18T15:00:00+00:00,2019-10-18T15:00:00+00:00 ~ 2019-10-18T15:00:00+00:00
68,True,2019-10-18 16:00:00+00:00,2019-10-18 16:00:00+00:00,7920/7952.25/7915.47/7924.43,7920/7952.25/7915.47/7924.43,1,1,2019-10-18T16:00:00+00:00 ~ 2019-10-18T16:00:00+00:00,2019-10-18T16:00:00+00:00 ~ 2019-10-18T16:00:00+00:00
69,True,2019-10-18 17:00:00+00:00,2019-10-18 17:00:00+00:00,7924.61/7943/7905/7938.47,7924.61/7943/7905/7938.47,1,1,2019-10-18T17:00:00+00:00 ~ 2019-10-18T17:00:00+00:00,2019-10-18T17:00:00+00:00 ~ 2019-10-18T17:00:00+00:00
70,True,2019-10-18 18:00:00+00:00,2019-10-18 18:00:00+00:00,7938.42/7983.32/7926.42/7931.56,7938.42/7983.32/7926.42/7931.56,1,1,2019-10-18T18:00:00+00:00 ~ 2019-10-18T18:00:00+00:00,2019-10-18T18:00:00+00:00 ~ 2019-10-18T18:00:00+00:00
71,True,2019-10-18 19:00:00+00:00,2019-10-18 19:00:00+00:00,7931.58/7955/7924.99/7941.55,7931.58/7955/7924.99/7941.55,1,1,2019-10-18T19:00:00+00:00 ~ 2019-10-18T19:00:00+00:00,2019-10-18T19:00:00+00:00 ~ 2019-10-18T19:00:00+00:00
72,True,2019-10-18 20:00:00+00:00,2019-10-18 20:00:00+00:00,7941.5/7941.5/7915.02/7915.02,7941.5/7941.5/7915.02/7915.02,2,2,2019-10-18T20:00:00+00:00 ~ 2019-10-18T21:00:00+00:00,2019-10-18T20:00:00+00:00 ~ 2019-10-18T21:00:00+00:00
73,True,2019-10-18 22:00:00+00:00,2019-10-18 22:00:00+00:00,7978/7978/7940.01/7940.01,7978/7978/7940.01/7940.01,2,2,2019-10-18T22:00:00+00:00 ~ 2019-10-18T23:00:00+00:00,2019-10-18T22:00:00+00:00 ~ 2019-10-18T23:00:00+00:00
74,True,2019-10-19 01:00:00+00:00,2019-10-19 01:00:00+00:00,7942.83/7942.83/7910/7910,7942.83/7942.83/7910/7910,2,2,2019-10-19T00:00:00+00:00 ~ 2019-10-19T01:00:00+00:00,2019-10-19T00:00:00+00:00 ~ 2019-10-19T01:00:00+00:00
75,True,2019-10-19 02:00:00+00:00,2019-10-19 02:00:00+00:00,7917.15/7929.87/7892/7917.28,7917.15/7929.87/7892/7917.28,1,1,2019-10-19T02:00:00+00:00 ~ 2019-10-19T02:00:00+00:00,2019-10-19T02:00:00+00:00 ~ 2019-10-19T02:00:00+00:00
76,True,2019-10-19 03:00:00+00:00,2019-10-19 03:00:00+00:00,7931.41/7957.99/7931.41/7957.99,7931.41/7957.99/7931.41/7957.99,2,2,2019-10-19T03:00:00+00:00 ~ 2019-10-19T04:00:00+00:00,2019-10-19T03:00:00+00:00 ~ 2019-10-19T04:00:00+00:00
77,True,2019-10-19 05:00:00+00:00,2019-10-19 05:00:00+00:00,7953.21/7956.94/7915.57/7934.47,7953.21/7956.94/7915.57/7934.47,1,1,2019-10-19T05:00:00+00:00 ~ 2019-10-19T05:00:00+00:00,2019-10-19T05:00:00+00:00 ~ 2019-10-19T05:00:00+00:00
78,True,2019-10-19 06:00:00+00:00,2019-10-19 06:00:00+00:00,7943.15/7943.15/7913.16/7913.16,7943.15/7943.15/7913.16/7913.16,2,2,2019-10-19T06:00:00+00:00 ~ 2019-10-19T07:00:00+00:00,2019-10-19T06:00:00+00:00 ~ 2019-10-19T07:00:00+00:00
79,True,2019-10-19 08:00:00+00:00,2019-10-19 08:00:00+00:00,7998.9/7998.9/7939/7939,7998.9/7998.9/7939/7939,2,2,2019-10-19T08:00:00+00:00 ~ 2019-10-19T09:00:00+00:00,2019-10-19T08:00:00+00:00 ~ 2019-10-19T09:00:00+00:00
80,True,2019-10-19 10:00:00+00:00,2019-10-19 10:00:00+00:00,7942.01/7947.95/7920/7938.34,7942.01/7947.95/7920/7938.34,1,1,2019-10-19T10:00:00+00:00 ~ 2019-10-19T10:00:00+00:00,2019-10-19T10:00:00+00:00 ~ 2019-10-19T10:00:00+00:00
81,True,2019-10-19 12:00:00+00:00,2019-10-19 12:00:00+00:00,8098.1/8098.1/8003.11/8003.11,8098.1/8098.1/8003.11/8003.11,3,3,2019-10-19T11:00:00+00:00 ~ 2019-10-19T13:00:00+00:00,2019-10-19T11:00:00+00:00 ~ 2019-10-19T13:00:00+00:00
82,True,2019-10-19 14:00:00+00:00,2019-10-19 14:00:00+00:00,8012.87/8027.77/7993.64/8010.16,8012.87/8027.77/7993.64/8010.16,1,1,2019-10-19T14:00:00+00:00 ~ 2019-10-19T14:00:00+00:00,2019-10-19T14:00:00+00:00 ~ 2019-10-19T14:00:00+00:00
83,True,2019-10-19 15:00:00+00:00,2019-10-19 15:00:00+00:00,8010.16/8021/7975.66/7990.92,8010.16/8021/7975.66/7990.92,1,1,2019-10-19T15:00:00+00:00 ~ 2019-10-19T15:00:00+00:00,2019-10-19T15:00:00+00:00 ~ 2019-10-19T15:00:00+00:00
84,True,2019-10-19 16:00:00+00:00,2019-10-19 16:00:00+00:00,7993.26/7999.2/7937.69/7974.5,7993.26/7999.2/7937.69/7974.5,1,1,2019-10-19T16:00:00+00:00 ~ 2019-10-19T16:00:00+00:00,2019-10-19T16:00:00+00:00 ~ 2019-10-19T16:00:00+00:00
85,True,2019-10-19 17:00:00+00:00,2019-10-19 17:00:00+00:00,7999.38/7999.38/7972.33/7972.33,7999.38/7999.38/7972.33/7972.33,2,2,2019-10-19T17:00:00+00:00 ~ 2019-10-19T18:00:00+00:00,2019-10-19T17:00:00+00:00 ~ 2019-10-19T18:00:00+00:00
86,True,2019-10-19 19:00:00+00:00,2019-10-19 19:00:00+00:00,7975.77/7983.33/7958.13/7971.81,7975.77/7983.33/7958.13/7971.81,1,1,2019-10-19T19:00:00+00:00 ~ 2019-10-19T19:00:00+00:00,2019-10-19T19:00:00+00:00 ~ 2019-10-19T19:00:00+00:00
87,True,2019-10-19 20:00:00+00:00,2019-10-19 20:00:00+00:00,7972.19/7978.52/7902.2/7940.81,7972.19/7978.52/7902.2/7940.81,1,1,2019-10-19T20:00:00+00:00 ~ 2019-10-19T20:00:00+00:00,2019-10-19T20:00:00+00:00 ~ 2019-10-19T20:00:00+00:00
88,True,2019-10-19 21:00:00+00:00,2019-10-19 21:00:00+00:00,7949.09/7949.09/7891.76/7891.76,7949.09/7949.09/7891.76/7891.76,2,2,2019-10-19T21:00:00+00:00 ~ 2019-10-19T22:00:00+00:00,2019-10-19T21:00:00+00:00 ~ 2019-10-19T22:00:00+00:00
89,True,2019-10-19 23:00:00+00:00,2019-10-19 23:00:00+00:00,7937.78/7954.99/7926.17/7948.01,7937.78/7954.99/7926.17/7948.01,1,1,2019-10-19T23:00:00+00:00 ~ 2019-10-19T23:00:00+00:00,2019-10-19T23:00:00+00:00 ~ 2019-10-19T23:00:00+00:00
90,True,2019-10-20 00:00:00+00:00,2019-10-20 00:00:00+00:00,7949.87/7953.21/7891.16/7917.55,7949.87/7953.21/7891.16/7917.55,1,1,2019-10-20T00:00:00+00:00 ~ 2019-10-20T00:00:00+00:00,2019-10-20T00:00:00+00:00 ~ 2019-10-20T00:00:00+00:00
91,True,2019-10-20 01:00:00+00:00,2019-10-20 01:00:00+00:00,7917.55/7927.36/7881/7904.64,7917.55/7927.36/7881/7904.64,1,1,2019-10-20T01:00:00+00:00 ~ 2019-10-20T01:00:00+00:00,2019-10-20T01:00:00+00:00 ~ 2019-10-20T01:00:00+00:00
92,True,2019-10-20 02:00:00+00:00,2019-10-20 02:00:00+00:00,7870/7918.02/7870/7918.02,7870/7918.02/7870/7918.02,2,2,2019-10-20T02:00:00+00:00 ~ 2019-10-20T03:00:00+00:00,2019-10-20T02:00:00+00:00 ~ 2019-10-20T03:00:00+00:00
93,True,2019-10-20 06:00:00+00:00,2019-10-20 06:00:00+00:00,7902.1/7940.47/7902.1/7940.47,7902.1/7940.47/7902.1/7940.47,3,3,2019-10-20T04:00:00+00:00 ~ 2019-10-20T06:00:00+00:00,2019-10-20T04:00:00+00:00 ~ 2019-10-20T06:00:00+00:00
94,True,2019-10-20 07:00:00+00:00,2019-10-20 07:00:00+00:00,7928.05/7935.94/7900.22/7905.17,7928.05/7935.94/7900.22/7905.17,1,1,2019-10-20T07:00:00+00:00 ~ 2019-10-20T07:00:00+00:00,2019-10-20T07:00:00+00:00 ~ 2019-10-20T07:00:00+00:00
95,True,2019-10-20 08:00:00+00:00,2019-10-20 08:00:00+00:00,7907.14/7929.75/7883/7925.2,7907.14/7929.75/7883/7925.2,1,1,2019-10-20T08:00:00+00:00 ~ 2019-10-20T08:00:00+00:00,2019-10-20T08:00:00+00:00 ~ 2019-10-20T08:00:00+00:00
96,True,2019-10-20 09:00:00+00:00,2019-10-20 09:00:00+00:00,7925.85/7985/7925.85/7985,7925.85/7985/7925.85/7985,3,3,2019-10-20T09:00:00+00:00 ~ 2019-10-20T11:00:00+00:00,2019-10-20T09:00:00+00:00 ~ 2019-10-20T11:00:00+00:00
97,True,2019-10-20 12:00:00+00:00,2019-10-20 12:00:00+00:00,7950.01/7990/7950.01/7990,7950.01/7990/7950.01/7990,2,2,2019-10-20T12:00:00+00:00 ~ 2019-10-20T13:00:00+00:00,2019-10-20T12:00:00+00:00 ~ 2019-10-20T13:00:00+00:00
98,True,2019-10-20 14:00:00+00:00,2019-10-20 14:00:00+00:00,7957.23/8011.95/7951.95/8000.79,7957.23/8011.95/7951.95/8000.79,1,1,2019-10-20T14:00:00+00:00 ~ 2019-10-20T14:00:00+00:00,2019-10-20T14:00:00+00:00 ~ 2019-10-20T14:00:00+00:00
99,True,2019-10-20 15:00:00+00:00,2019-10-20 15:00:00+00:00,8001.1/8043.44/7982.31/8026.46,8001.1/8043.44/7982.31/8026.46,1,1,2019-10-20T15:00:00+00:00 ~ 2019-10-20T15:00:00+00:00,2019-10-20T15:00:00+00:00 ~ 2019-10-20T15:00:00+00:00
100,True,2019-10-20 16:00:00+00:00,2019-10-20 16:00:00+00:00,8026.47/8077/8006.45/8066.33,8026.47/8077/8006.45/8066.33,1,1,2019-10-20T16:00:00+00:00 ~ 2019-10-20T16:00:00+00:00,2019-10-20T16:00:00+00:00 ~ 2019-10-20T16:00:00+00:00
101,True,2019-10-20 17:00:00+00:00,2019-10-20 17:00:00+00:00,8065.51/8172.73/8046.43/8139.77,8065.51/8172.73/8046.43/8139.77,1,1,2019-10-20T17:00:00+00:00 ~ 2019-10-20T17:00:00+00:00,2019-10-20T17:00:00+00:00 ~ 2019-10-20T17:00:00+00:00
102,True,2019-10-20 18:00:00+00:00,2019-10-20 18:00:00+00:00,8139.87/8174.88/8126.65/8132.34,8139.87/8174.88/8126.65/8132.34,1,1,2019-10-20T18:00:00+00:00 ~ 2019-10-20T18:00:00+00:00,2019-10-20T18:00:00+00:00 ~ 2019-10-20T18:00:00+00:00
103,True,2019-10-20 19:00:00+00:00,2019-10-20 19:00:00+00:00,8133.39/8239/8132.06/8235,8133.39/8239/8132.06/8235,1,1,2019-10-20T19:00:00+00:00 ~ 2019-10-20T19:00:00+00:00,2019-10-20T19:00:00+00:00 ~ 2019-10-20T19:00:00+00:00
104,True,2019-10-20 20:00:00+00:00,2019-10-20 20:00:00+00:00,8235/8297/8202.01/8213.73,8235/8297/8202.01/8213.73,1,1,2019-10-20T20:00:00+00:00 ~ 2019-10-20T20:00:00+00:00,2019-10-20T20:00:00+00:00 ~ 2019-10-20T20:00:00+00:00
105,True,2019-10-20 21:00:00+00:00,2019-10-20 21:00:00+00:00,8180.89/8229/8180.89/8229,8180.89/8229/8180.89/8229,2,2,2019-10-20T21:00:00+00:00 ~ 2019-10-20T22:00:00+00:00,2019-10-20T21:00:00+00:00 ~ 2019-10-20T22:00:00+00:00
106,True,2019-10-20 23:00:00+00:00,2019-10-20 23:00:00+00:00,8199.12/8226.04/8165.36/8223.35,8199.12/8226.04/8165.36/8223.35,1,1,2019-10-20T23:00:00+00:00 ~ 2019-10-20T23:00:00+00:00,2019-10-20T23:00:00+00:00 ~ 2019-10-20T23:00:00+00:00
107,True,2019-10-21 00:00:00+00:00,2019-10-21 00:00:00+00:00,8223.35/8235/8193.14/8199.23,8223.35/8235/8193.14/8199.23,1,1,2019-10-21T00:00:00+00:00 ~ 2019-10-21T00:00:00+00:00,2019-10-21T00:00:00+00:00 ~ 2019-10-21T00:00:00+00:00
108,True,2019-10-21 01:00:00+00:00,2019-10-21 01:00:00+00:00,8199.25/8223.48/8183/8215.03,8199.25/8223.48/8183/8215.03,1,1,2019-10-21T01:00:00+00:00 ~ 2019-10-21T01:00:00+00:00,2019-10-21T01:00:00+00:00 ~ 2019-10-21T01:00:00+00:00
109,True,2019-10-21 02:00:00+00:00,2019-10-21 02:00:00+00:00,8251.41/8251.41/8205.89/8205.89,8251.41/8251.41/8205.89/8205.89,2,2,2019-10-21T02:00:00+00:00 ~ 2019-10-21T03:00:00+00:00,2019-10-21T02:00:00+00:00 ~ 2019-10-21T03:00:00+00:00
110,True,2019-10-21 04:00:00+00:00,2019-10-21 04:00:00+00:00,8220.57/8231.24/8201.63/8215.14,8220.57/8231.24/8201.63/8215.14,1,1,2019-10-21T04:00:00+00:00 ~ 2019-10-21T04:00:00+00:00,2019-10-21T04:00:00+00:00 ~ 2019-10-21T04:00:00+00:00
111,True,2019-10-21 05:00:00+00:00,2019-10-21 05:00:00+00:00,8215.85/8240.7/8206.32/8229.97,8215.85/8240.7/8206.32/8229.97,1,1,2019-10-21T05:00:00+00:00 ~ 2019-10-21T05:00:00+00:00,2019-10-21T05:00:00+00:00 ~ 2019-10-21T05:00:00+00:00
112,True,2019-10-21 06:00:00+00:00,2019-10-21 06:00:00+00:00,8229.12/8249.18/8224/8231.91,8229.12/8249.18/8224/8231.91,1,1,2019-10-21T06:00:00+00:00 ~ 2019-10-21T06:00:00+00:00,2019-10-21T06:00:00+00:00 ~ 2019-10-21T06:00:00+00:00
113,True,2019-10-21 07:00:00+00:00,2019-10-21 07:00:00+00:00,8231.88/8239.66/8206.13/8223.8,8231.88/8239.66/8206.13/8223.8,1,1,2019-10-21T07:00:00+00:00 ~ 2019-10-21T07:00:00+00:00,2019-10-21T07:00:00+00:00 ~ 2019-10-21T07:00:00+00:00
114,True,2019-10-21 08:00:00+00:00,2019-10-21 08:00:00+00:00,8223.11/8225.3/8195/8221.53,8223.11/8225.3/8195/8221.53,1,1,2019-10-21T08:00:00+00:00 ~ 2019-10-21T08:00:00+00:00,2019-10-21T08:00:00+00:00 ~ 2019-10-21T08:00:00+00:00
115,True,2019-10-21 09:00:00+00:00,2019-10-21 09:00:00+00:00,8221.53/8223.66/8189.89/8200.73,8221.53/8223.66/8189.89/8200.73,1,1,2019-10-21T09:00:00+00:00 ~ 2019-10-21T09:00:00+00:00,2019-10-21T09:00:00+00:00 ~ 2019-10-21T09:00:00+00:00
116,True,2019-10-21 10:00:00+00:00,2019-10-21 10:00:00+00:00,8286.28/8286.28/8226.68/8226.68,8286.28/8286.28/8226.68/8226.68,3,3,2019-10-21T10:00:00+00:00 ~ 2019-10-21T12:00:00+00:00,2019-10-21T10:00:00+00:00 ~ 2019-10-21T12:00:00+00:00
117,True,2019-10-21 13:00:00+00:00,2019-10-21 13:00:00+00:00,8232.04/8247.41/8219.87/8238.91,8232.04/8247.41/8219.87/8238.91,1,1,2019-10-21T13:00:00+00:00 ~ 2019-10-21T13:00:00+00:00,2019-10-21T13:00:00+00:00 ~ 2019-10-21T13:00:00+00:00
118,True,2019-10-21 15:00:00+00:00,2019-10-21 15:00:00+00:00,8333/8333/8231.89/8231.89,8333/8333/8231.89/8231.89,2,2,2019-10-21T14:00:00+00:00 ~ 2019-10-21T15:00:00+00:00,2019-10-21T14:00:00+00:00 ~ 2019-10-21T15:00:00+00:00
119,True,2019-10-21 16:00:00+00:00,2019-10-21 16:00:00+00:00,8142.03/8190.05/8142.03/8190.05,8142.03/8190.05/8142.03/8190.05,2,2,2019-10-21T16:00:00+00:00 ~ 2019-10-21T17:00:00+00:00,2019-10-21T16:00:00+00:00 ~ 2019-10-21T17:00:00+00:00
120,True,2019-10-21 18:00:00+00:00,2019-10-21 18:00:00+00:00,8153.65/8192.9/8153.65/8192.9,8153.65/8192.9/8153.65/8192.9,2,2,2019-10-21T18:00:00+00:00 ~ 2019-10-21T19:00:00+00:00,2019-10-21T18:00:00+00:00 ~ 2019-10-21T19:00:00+00:00
121,True,2019-10-21 20:00:00+00:00,2019-10-21 20:00:00+00:00,8183.56/8198/8183.16/8189.61,8183.56/8198/8183.16/8189.61,1,1,2019-10-21T20:00:00+00:00 ~ 2019-10-21T20:00:00+00:00,2019-10-21T20:00:00+00:00 ~ 2019-10-21T20:00:00+00:00
122,True,2019-10-21 21:00:00+00:00,2019-10-21 21:00:00+00:00,8189.61/8229.88/8188.71/8205.48,8189.61/8229.88/8188.71/8205.48,1,1,2019-10-21T21:00:00+00:00 ~ 2019-10-21T21:00:00+00:00,2019-10-21T21:00:00+00:00 ~ 2019-10-21T21:00:00+00:00
123,True,2019-10-21 22:00:00+00:00,2019-10-21 22:00:00+00:00,8205.87/8216.22/8180.57/8180.76,8205.87/8216.22/8180.57/8180.76,1,1,2019-10-21T22:00:00+00:00 ~ 2019-10-21T22:00:00+00:00,2019-10-21T22:00:00+00:00 ~ 2019-10-21T22:00:00+00:00
124,True,2019-10-21 23:00:00+00:00,2019-10-21 23:00:00+00:00,8180.76/8214.12/8176.95/8197.27,8180.76/8214.12/8176.95/8197.27,1,1,2019-10-21T23:00:00+00:00 ~ 2019-10-21T23:00:00+00:00,2019-10-21T23:00:00+00:00 ~ 2019-10-21T23:00:00+00:00
125,True,2019-10-22 00:00:00+00:00,2019-10-22 00:00:00+00:00,8197.28/8206.94/8161.31/8185.3,8197.28/8206.94/8161.31/8185.3,1,1,2019-10-22T00:00:00+00:00 ~ 2019-10-22T00:00:00+00:00,2019-10-22T00:00:00+00:00 ~ 2019-10-22T00:00:00+00:00
126,True,2019-10-22 01:00:00+00:00,2019-10-22 01:00:00+00:00,8159.96/8198.11/8159.96/8198.11,8159.96/8198.11/8159.96/8198.11,2,2,2019-10-22T01:00:00+00:00 ~ 2019-10-22T02:00:00+00:00,2019-10-22T01:00:00+00:00 ~ 2019-10-22T02:00:00+00:00
127,True,2019-10-22 03:00:00+00:00,2019-10-22 03:00:00+00:00,8181.73/8208.45/8175.23/8201.54,8181.73/8208.45/8175.23/8201.54,1,1,2019-10-22T03:00:00+00:00 ~ 2019-10-22T03:00:00+00:00,2019-10-22T03:00:00+00:00 ~ 2019-10-22T03:00:00+00:00
128,True,2019-10-22 04:00:00+00:00,2019-10-22 04:00:00+00:00,8202.09/8218.54/8189.12/8212.3,8202.09/8218.54/8189.12/8212.3,1,1,2019-10-22T04:00:00+00:00 ~ 2019-10-22T04:00:00+00:00,2019-10-22T04:00:00+00:00 ~ 2019-10-22T04:00:00+00:00
129,True,2019-10-22 05:00:00+00:00,2019-10-22 05:00:00+00:00,8213.48/8218.55/8190.87/8208.09,8213.48/8218.55/8190.87/8208.09,1,1,2019-10-22T05:00:00+00:00 ~ 2019-10-22T05:00:00+00:00,2019-10-22T05:00:00+00:00 ~ 2019-10-22T05:00:00+00:00
130,True,2019-10-22 06:00:00+00:00,2019-10-22 06:00:00+00:00,8208.97/8209.44/8187.49/8200.57,8208.97/8209.44/8187.49/8200.57,1,1,2019-10-22T06:00:00+00:00 ~ 2019-10-22T06:00:00+00:00,2019-10-22T06:00:00+00:00 ~ 2019-10-22T06:00:00+00:00
131,True,2019-10-22 07:00:00+00:00,2019-10-22 07:00:00+00:00,8200.27/8226.57/8190.08/8208.6,8200.27/8226.57/8190.08/8208.6,1,1,2019-10-22T07:00:00+00:00 ~ 2019-10-22T07:00:00+00:00,2019-10-22T07:00:00+00:00 ~ 2019-10-22T07:00:00+00:00
132,True,2019-10-22 08:00:00+00:00,2019-10-22 08:00:00+00:00,8208.6/8256.33/8208.51/8248.83,8208.6/8256.33/8208.51/8248.83,1,1,2019-10-22T08:00:00+00:00 ~ 2019-10-22T08:00:00+00:00,2019-10-22T08:00:00+00:00 ~ 2019-10-22T08:00:00+00:00
133,True,2019-10-22 12:00:00+00:00,2019-10-22 12:00:00+00:00,8297.99/8297.99/8234.5/8234.5,8297.99/8297.99/8234.5/8234.5,4,4,2019-10-22T09:00:00+00:00 ~ 2019-10-22T12:00:00+00:00,2019-10-22T09:00:00+00:00 ~ 2019-10-22T12:00:00+00:00
134,True,2019-10-22 13:00:00+00:00,2019-10-22 13:00:00+00:00,8241.38/8250/8195/8223.52,8241.38/8250/8195/8223.52,1,1,2019-10-22T13:00:00+00:00 ~ 2019-10-22T13:00:00+00:00,2019-10-22T13:00:00+00:00 ~ 2019-10-22T13:00:00+00:00
135,True,2019-10-22 14:00:00+00:00,2019-10-22 14:00:00+00:00,8222.98/8229.38/8189.99/8194.64,8222.98/8229.38/8189.99/8194.64,1,1,2019-10-22T14:00:00+00:00 ~ 2019-10-22T14:00:00+00:00,2019-10-22T14:00:00+00:00 ~ 2019-10-22T14:00:00+00:00
136,True,2019-10-22 15:00:00+00:00,2019-10-22 15:00:00+00:00,8193.18/8214.97/8165/8210.31,8193.18/8214.97/8165/8210.31,1,1,2019-10-22T15:00:00+00:00 ~ 2019-10-22T15:00:00+00:00,2019-10-22T15:00:00+00:00 ~ 2019-10-22T15:00:00+00:00
137,True,2019-10-22 16:00:00+00:00,2019-10-22 16:00:00+00:00,8185.52/8223.24/8185.52/8223.24,8185.52/8223.24/8185.52/8223.24,2,2,2019-10-22T16:00:00+00:00 ~ 2019-10-22T17:00:00+00:00,2019-10-22T16:00:00+00:00 ~ 2019-10-22T17:00:00+00:00
138,True,2019-10-22 18:00:00+00:00,2019-10-22 18:00:00+00:00,8203.44/8206.69/8175.17/8190.38,8203.44/8206.69/8175.17/8190.38,1,1,2019-10-22T18:00:00+00:00 ~ 2019-10-22T18:00:00+00:00,2019-10-22T18:00:00+00:00 ~ 2019-10-22T18:00:00+00:00
139,True,2019-10-22 19:00:00+00:00,2019-10-22 19:00:00+00:00,8189.91/8194.39/8156/8167.91,8189.91/8194.39/8156/8167.91,1,1,2019-10-22T19:00:00+00:00 ~ 2019-10-22T19:00:00+00:00,2019-10-22T19:00:00+00:00 ~ 2019-10-22T19:00:00+00:00
140,True,2019-10-22 20:00:00+00:00,2019-10-22 20:00:00+00:00,8108.01/8108.01/8055/8055,8108.01/8108.01/8055/8055,3,3,2019-10-22T20:00:00+00:00 ~ 2019-10-22T22:00:00+00:00,2019-10-22T20:00:00+00:00 ~ 2019-10-22T22:00:00+00:00
141,True,2019-10-23 00:00:00+00:00,2019-10-23 00:00:00+00:00,8000/8044.99/8000/8044.99,8000/8044.99/8000/8044.99,2,2,2019-10-22T23:00:00+00:00 ~ 2019-10-23T00:00:00+00:00,2019-10-22T23:00:00+00:00 ~ 2019-10-23T00:00:00+00:00
142,True,2019-10-23 01:00:00+00:00,2019-10-23 01:00:00+00:00,8029/8047.59/8024.16/8032.56,8029/8047.59/8024.16/8032.56,1,1,2019-10-23T01:00:00+00:00 ~ 2019-10-23T01:00:00+00:00,2019-10-23T01:00:00+00:00 ~ 2019-10-23T01:00:00+00:00
143,True,2019-10-23 02:00:00+00:00,2019-10-23 02:00:00+00:00,8032.56/8039.01/8011.11/8033.92,8032.56/8039.01/8011.11/8033.92,1,1,2019-10-23T02:00:00+00:00 ~ 2019-10-23T02:00:00+00:00,2019-10-23T02:00:00+00:00 ~ 2019-10-23T02:00:00+00:00
144,True,2019-10-23 04:00:00+00:00,2019-10-23 04:00:00+00:00,7930/7975.01/7930/7975.01,7930/7975.01/7930/7975.01,2,2,2019-10-23T03:00:00+00:00 ~ 2019-10-23T04:00:00+00:00,2019-10-23T03:00:00+00:00 ~ 2019-10-23T04:00:00+00:00
145,True,2019-10-23 05:00:00+00:00,2019-10-23 05:00:00+00:00,7969.45/7971.84/7920/7953.8,7969.45/7971.84/7920/7953.8,1,1,2019-10-23T05:00:00+00:00 ~ 2019-10-23T05:00:00+00:00,2019-10-23T05:00:00+00:00 ~ 2019-10-23T05:00:00+00:00
146,True,2019-10-23 06:00:00+00:00,2019-10-23 06:00:00+00:00,7954.33/7980.24/7938.79/7969,7954.33/7980.24/7938.79/7969,1,1,2019-10-23T06:00:00+00:00 ~ 2019-10-23T06:00:00+00:00,2019-10-23T06:00:00+00:00 ~ 2019-10-23T06:00:00+00:00
147,True,2019-10-23 07:00:00+00:00,2019-10-23 07:00:00+00:00,7969.01/7984.2/7945.76/7957.19,7969.01/7984.2/7945.76/7957.19,1,1,2019-10-23T07:00:00+00:00 ~ 2019-10-23T07:00:00+00:00,2019-10-23T07:00:00+00:00 ~ 2019-10-23T07:00:00+00:00
148,True,2019-10-23 08:00:00+00:00,2019-10-23 08:00:00+00:00,7957.34/7994.1/7947.8/7976.15,7957.34/7994.1/7947.8/7976.15,1,1,2019-10-23T08:00:00+00:00 ~ 2019-10-23T08:00:00+00:00,2019-10-23T08:00:00+00:00 ~ 2019-10-23T08:00:00+00:00
149,True,2019-10-23 09:00:00+00:00,2019-10-23 09:00:00+00:00,7976.57/7999/7972.55/7991.21,7976.57/7999/7972.55/7991.21,1,1,2019-10-23T09:00:00+00:00 ~ 2019-10-23T09:00:00+00:00,2019-10-23T09:00:00+00:00 ~ 2019-10-23T09:00:00+00:00
150,True,2019-10-23 10:00:00+00:00,2019-10-23 10:00:00+00:00,7991.19/8011.96/7986.19/7996.15,7991.19/8011.96/7986.19/7996.15,1,1,2019-10-23T10:00:00+00:00 ~ 2019-10-23T10:00:00+00:00,2019-10-23T10:00:00+00:00 ~ 2019-10-23T10:00:00+00:00
151,True,2019-10-23 11:00:00+00:00,2019-10-23 11:00:00+00:00,7997.54/8006.71/7945.31/7963.57,7997.54/8006.71/7945.31/7963.57,1,1,2019-10-23T11:00:00+00:00 ~ 2019-10-23T11:00:00+00:00,2019-10-23T11:00:00+00:00 ~ 2019-10-23T11:00:00+00:00
152,True,2019-10-23 12:00:00+00:00,2019-10-23 12:00:00+00:00,7962.23/7963.98/7500/7550.59,7962.23/7963.98/7500/7550.59,1,1,2019-10-23T12:00:00+00:00 ~ 2019-10-23T12:00:00+00:00,2019-10-23T12:00:00+00:00 ~ 2019-10-23T12:00:00+00:00
153,True,2019-10-23 16:00:00+00:00,2019-10-23 16:00:00+00:00,7300/7480/7300/7480,7300/7480/7300/7480,4,4,2019-10-23T13:00:00+00:00 ~ 2019-10-23T16:00:00+00:00,2019-10-23T13:00:00+00:00 ~ 2019-10-23T16:00:00+00:00
154,True,2019-10-23 17:00:00+00:00,2019-10-23 17:00:00+00:00,7470.8/7514.26/7460.45/7503.11,7470.8/7514.26/7460.45/7503.11,1,1,2019-10-23T17:00:00+00:00 ~ 2019-10-23T17:00:00+00:00,2019-10-23T17:00:00+00:00 ~ 2019-10-23T17:00:00+00:00
155,True,2019-10-23 18:00:00+00:00,2019-10-23 18:00:00+00:00,7503.11/7535.55/7487.31/7506.38,7503.11/7535.55/7487.31/7506.38,1,1,2019-10-23T18:00:00+00:00 ~ 2019-10-23T18:00:00+00:00,2019-10-23T18:00:00+00:00 ~ 2019-10-23T18:00:00+00:00
156,True,2019-10-23 19:00:00+00:00,2019-10-23 19:00:00+00:00,7506.37/7523.73/7480.05/7482.9,7506.37/7523.73/7480.05/7482.9,1,1,2019-10-23T19:00:00+00:00 ~ 2019-10-23T19:00:00+00:00,2019-10-23T19:00:00+00:00 ~ 2019-10-23T19:00:00+00:00
157,True,2019-10-23 20:00:00+00:00,2019-10-23 20:00:00+00:00,7482.9/7498.99/7460.01/7486.37,7482.9/7498.99/7460.01/7486.37,1,1,2019-10-23T20:00:00+00:00 ~ 2019-10-23T20:00:00+00:00,2019-10-23T20:00:00+00:00 ~ 2019-10-23T20:00:00+00:00
158,True,2019-10-23 21:00:00+00:00,2019-10-23 21:00:00+00:00,7486.06/7497.79/7426/7431.57,7486.06/7497.79/7426/7431.57,1,1,2019-10-23T21:00:00+00:00 ~ 2019-10-23T21:00:00+00:00,2019-10-23T21:00:00+00:00 ~ 2019-10-23T21:00:00+00:00
159,True,2019-10-23 22:00:00+00:00,2019-10-23 22:00:00+00:00,7428.58/7472.72/7386.37/7416.89,7428.58/7472.72/7386.37/7416.89,1,1,2019-10-23T22:00:00+00:00 ~ 2019-10-23T22:00:00+00:00,2019-10-23T22:00:00+00:00 ~ 2019-10-23T22:00:00+00:00
160,True,2019-10-23 23:00:00+00:00,2019-10-23 23:00:00+00:00,7416.89/7476.02/7405.21/7466.62,7416.89/7476.02/7405.21/7466.62,1,1,2019-10-23T23:00:00+00:00 ~ 2019-10-23T23:00:00+00:00,2019-10-23T23:00:00+00:00 ~ 2019-10-23T23:00:00+00:00
161,True,2019-10-24 00:00:00+00:00,2019-10-24 00:00:00+00:00,7468.47/7497.96/7448/7459.72,7468.47/7497.96/7448/7459.72,1,1,2019-10-24T00:00:00+00:00 ~ 2019-10-24T00:00:00+00:00,2019-10-24T00:00:00+00:00 ~ 2019-10-24T00:00:00+00:00
162,True,2019-10-24 01:00:00+00:00,2019-10-24 01:00:00+00:00,7459.7/7477.99/7420/7440.25,7459.7/7477.99/7420/7440.25,1,1,2019-10-24T01:00:00+00:00 ~ 2019-10-24T01:00:00+00:00,2019-10-24T01:00:00+00:00 ~ 2019-10-24T01:00:00+00:00
163,True,2019-10-24 03:00:00+00:00,2019-10-24 03:00:00+00:00,7434.85/7434.85/7400/7400,7434.85/7434.85/7400/7400,2,2,2019-10-24T02:00:00+00:00 ~ 2019-10-24T03:00:00+00:00,2019-10-24T02:00:00+00:00 ~ 2019-10-24T03:00:00+00:00
164,True,2019-10-24 04:00:00+00:00,2019-10-24 04:00:00+00:00,7429.1/7429.1/7397.13/7397.13,7429.1/7429.1/7397.13/7397.13,2,2,2019-10-24T04:00:00+00:00 ~ 2019-10-24T05:00:00+00:00,2019-10-24T04:00:00+00:00 ~ 2019-10-24T05:00:00+00:00
165,True,2019-10-24 06:00:00+00:00,2019-10-24 06:00:00+00:00,7412.72/7414.38/7337.99/7360.14,7412.72/7414.38/7337.99/7360.14,1,1,2019-10-24T06:00:00+00:00 ~ 2019-10-24T06:00:00+00:00,2019-10-24T06:00:00+00:00 ~ 2019-10-24T06:00:00+00:00
166,True,2019-10-24 07:00:00+00:00,2019-10-24 07:00:00+00:00,7360.15/7441.67/7357.18/7420.89,7360.15/7441.67/7357.18/7420.89,1,1,2019-10-24T07:00:00+00:00 ~ 2019-10-24T07:00:00+00:00,2019-10-24T07:00:00+00:00 ~ 2019-10-24T07:00:00+00:00
167,True,2019-10-24 08:00:00+00:00,2019-10-24 08:00:00+00:00,7420.36/7459.95/7389.2/7449.41,7420.36/7459.95/7389.2/7449.41,1,1,2019-10-24T08:00:00+00:00 ~ 2019-10-24T08:00:00+00:00,2019-10-24T08:00:00+00:00 ~ 2019-10-24T08:00:00+00:00
168,True,2019-10-24 09:00:00+00:00,2019-10-24 09:00:00+00:00,7450.53/7478/7435.23/7441,7450.53/7478/7435.23/7441,1,1,2019-10-24T09:00:00+00:00 ~ 2019-10-24T09:00:00+00:00,2019-10-24T09:00:00+00:00 ~ 2019-10-24T09:00:00+00:00
169,True,2019-10-24 10:00:00+00:00,2019-10-24 10:00:00+00:00,7441/7459.88/7427.5/7435.41,7441/7459.88/7427.5/7435.41,1,1,2019-10-24T10:00:00+00:00 ~ 2019-10-24T10:00:00+00:00,2019-10-24T10:00:00+00:00 ~ 2019-10-24T10:00:00+00:00
170,True,2019-10-24 11:00:00+00:00,2019-10-24 11:00:00+00:00,7435.39/7441.98/7413/7421.83,7435.39/7441.98/7413/7421.83,1,1,2019-10-24T11:00:00+00:00 ~ 2019-10-24T11:00:00+00:00,2019-10-24T11:00:00+00:00 ~ 2019-10-24T11:00:00+00:00
171,True,2019-10-24 12:00:00+00:00,2019-10-24 12:00:00+00:00,7421.09/7463.75/7420.06/7442.77,7421.09/7463.75/7420.06/7442.77,1,1,2019-10-24T12:00:00+00:00 ~ 2019-10-24T12:00:00+00:00,2019-10-24T12:00:00+00:00 ~ 2019-10-24T12:00:00+00:00
172,True,2019-10-24 13:00:00+00:00,2019-10-24 13:00:00+00:00,7441.05/7465.98/7434.09/7448,7441.05/7465.98/7434.09/7448,1,1,2019-10-24T13:00:00+00:00 ~ 2019-10-24T13:00:00+00:00,2019-10-24T13:00:00+00:00 ~ 2019-10-24T13:00:00+00:00
173,True,2019-10-24 14:00:00+00:00,2019-10-24 14:00:00+00:00,7448.01/7503.68/7446.88/7466.3,7448.01/7503.68/7446.88/7466.3,1,1,2019-10-24T14:00:00+00:00 ~ 2019-10-24T14:00:00+00:00,2019-10-24T14:00:00+00:00 ~ 2019-10-24T14:00:00+00:00
174,True,2019-10-24 15:00:00+00:00,2019-10-24 15:00:00+00:00,7457.97/7457.97/7413.43/7413.43,7457.97/7457.97/7413.43/7413.43,3,3,2019-10-24T15:00:00+00:00 ~ 2019-10-24T17:00:00+00:00,2019-10-24T15:00:00+00:00 ~ 2019-10-24T17:00:00+00:00
175,True,2019-10-24 18:00:00+00:00,2019-10-24 18:00:00+00:00,7434.21/7457.99/7431.02/7442,7434.21/7457.99/7431.02/7442,1,1,2019-10-24T18:00:00+00:00 ~ 2019-10-24T18:00:00+00:00,2019-10-24T18:00:00+00:00 ~ 2019-10-24T18:00:00+00:00
176,True,2019-10-24 19:00:00+00:00,2019-10-24 19:00:00+00:00,7479/7479/7440/7440,7479/7479/7440/7440,2,2,2019-10-24T19:00:00+00:00 ~ 2019-10-24T20:00:00+00:00,2019-10-24T19:00:00+00:00 ~ 2019-10-24T20:00:00+00:00
177,True,2019-10-24 21:00:00+00:00,2019-10-24 21:00:00+00:00,7441.96/7454/7429.41/7430.34,7441.96/7454/7429.41/7430.34,1,1,2019-10-24T21:00:00+00:00 ~ 2019-10-24T21:00:00+00:00,2019-10-24T21:00:00+00:00 ~ 2019-10-24T21:00:00+00:00
178,True,2019-10-24 23:00:00+00:00,2019-10-24 23:00:00+00:00,7465.75/7465.75/7430.16/7430.16,7465.75/7465.75/7430.16/7430.16,2,2,2019-10-24T22:00:00+00:00 ~ 2019-10-24T23:00:00+00:00,2019-10-24T22:00:00+00:00 ~ 2019-10-24T23:00:00+00:00
179,True,2019-10-25 00:00:00+00:00,2019-10-25 00:00:00+00:00,7412.41/7434.1/7411.94/7421.29,7412.41/7434.1/7411.94/7421.29,1,1,2019-10-25T00:00:00+00:00 ~ 2019-10-25T00:00:00+00:00,2019-10-25T00:00:00+00:00 ~ 2019-10-25T00:00:00+00:00
180,True,2019-10-25 01:00:00+00:00,2019-10-25 01:00:00+00:00,7420.63/7446.69/7418.66/7437.99,7420.63/7446.69/7418.66/7437.99,1,1,2019-10-25T01:00:00+00:00 ~ 2019-10-25T01:00:00+00:00,2019-10-25T01:00:00+00:00 ~ 2019-10-25T01:00:00+00:00
181,True,2019-10-25 02:00:00+00:00,2019-10-25 02:00:00+00:00,7427.81/7459.29/7427.81/7459.29,7427.81/7459.29/7427.81/7459.29,2,2,2019-10-25T02:00:00+00:00 ~ 2019-10-25T03:00:00+00:00,2019-10-25T02:00:00+00:00 ~ 2019-10-25T03:00:00+00:00
182,True,2019-10-25 05:00:00+00:00,2019-10-25 05:00:00+00:00,7361/7442.95/7361/7442.95,7361/7442.95/7361/7442.95,2,2,2019-10-25T04:00:00+00:00 ~ 2019-10-25T05:00:00+00:00,2019-10-25T04:00:00+00:00 ~ 2019-10-25T05:00:00+00:00
183,True,2019-10-25 06:00:00+00:00,2019-10-25 06:00:00+00:00,7447.19/7464.78/7437.14/7443.78,7447.19/7464.78/7437.14/7443.78,1,1,2019-10-25T06:00:00+00:00 ~ 2019-10-25T06:00:00+00:00,2019-10-25T06:00:00+00:00 ~ 2019-10-25T06:00:00+00:00
184,True,2019-10-25 07:00:00+00:00,2019-10-25 07:00:00+00:00,7443.78/7469/7441.82/7462.79,7443.78/7469/7441.82/7462.79,1,1,2019-10-25T07:00:00+00:00 ~ 2019-10-25T07:00:00+00:00,2019-10-25T07:00:00+00:00 ~ 2019-10-25T07:00:00+00:00
185,True,2019-10-25 08:00:00+00:00,2019-10-25 08:00:00+00:00,7461.72/7475/7444.01/7444.61,7461.72/7475/7444.01/7444.61,1,1,2019-10-25T08:00:00+00:00 ~ 2019-10-25T08:00:00+00:00,2019-10-25T08:00:00+00:00 ~ 2019-10-25T08:00:00+00:00
186,True,2019-10-25 10:00:00+00:00,2019-10-25 10:00:00+00:00,7439/7459.95/7439/7459.95,7439/7459.95/7439/7459.95,2,2,2019-10-25T09:00:00+00:00 ~ 2019-10-25T10:00:00+00:00,2019-10-25T09:00:00+00:00 ~ 2019-10-25T10:00:00+00:00
187,True,2019-10-25 11:00:00+00:00,2019-10-25 11:00:00+00:00,7585.36/7642.58/7564.65/7581.1,7585.36/7642.58/7564.65/7581.1,1,1,2019-10-25T11:00:00+00:00 ~ 2019-10-25T11:00:00+00:00,2019-10-25T11:00:00+00:00 ~ 2019-10-25T11:00:00+00:00
188,True,2019-10-25 12:00:00+00:00,2019-10-25 12:00:00+00:00,7578/7649.99/7578/7619.04,7578/7649.99/7578/7619.04,1,1,2019-10-25T12:00:00+00:00 ~ 2019-10-25T12:00:00+00:00,2019-10-25T12:00:00+00:00 ~ 2019-10-25T12:00:00+00:00
189,True,2019-10-25 13:00:00+00:00,2019-10-25 13:00:00+00:00,7619.46/7688/7611.47/7668.34,7619.46/7688/7611.47/7668.34,1,1,2019-10-25T13:00:00+00:00 ~ 2019-10-25T13:00:00+00:00,2019-10-25T13:00:00+00:00 ~ 2019-10-25T13:00:00+00:00
190,True,2019-10-25 14:00:00+00:00,2019-10-25 14:00:00+00:00,7668.7/7694.44/7638.39/7668.8,7668.7/7694.44/7638.39/7668.8,1,1,2019-10-25T14:00:00+00:00 ~ 2019-10-25T14:00:00+00:00,2019-10-25T14:00:00+00:00 ~ 2019-10-25T14:00:00+00:00
191,True,2019-10-25 15:00:00+00:00,2019-10-25 15:00:00+00:00,7669.8/8403.95/7668.12/8263.16,7669.8/8403.95/7668.12/8263.16,1,1,2019-10-25T15:00:00+00:00 ~ 2019-10-25T15:00:00+00:00,2019-10-25T15:00:00+00:00 ~ 2019-10-25T15:00:00+00:00
192,True,2019-10-25 16:00:00+00:00,2019-10-25 16:00:00+00:00,8262.95/8490/8247.3/8393.21,8262.95/8490/8247.3/8393.21,1,1,2019-10-25T16:00:00+00:00 ~ 2019-10-25T16:00:00+00:00,2019-10-25T16:00:00+00:00 ~ 2019-10-25T16:00:00+00:00
193,True,2019-10-25 17:00:00+00:00,2019-10-25 17:00:00+00:00,8540/8799/8540/8799,8540/8799/8540/8799,3,3,2019-10-25T17:00:00+00:00 ~ 2019-10-25T19:00:00+00:00,2019-10-25T17:00:00+00:00 ~ 2019-10-25T19:00:00+00:00
194,True,2019-10-25 20:00:00+00:00,2019-10-25 20:00:00+00:00,8535/8635.63/8535/8635.63,8535/8635.63/8535/8635.63,2,2,2019-10-25T20:00:00+00:00 ~ 2019-10-25T21:00:00+00:00,2019-10-25T20:00:00+00:00 ~ 2019-10-25T21:00:00+00:00
195,True,2019-10-26 00:00:00+00:00,2019-10-26 00:00:00+00:00,8590.18/9371.4/8590.18/9371.4,8590.18/9371.4/8590.18/9371.4,3,3,2019-10-25T22:00:00+00:00 ~ 2019-10-26T00:00:00+00:00,2019-10-25T22:00:00+00:00 ~ 2019-10-26T00:00:00+00:00
196,True,2019-10-26 01:00:00+00:00,2019-10-26 01:00:00+00:00,10370/10370/9560/9560,10370/10370/9560/9560,2,2,2019-10-26T01:00:00+00:00 ~ 2019-10-26T02:00:00+00:00,2019-10-26T01:00:00+00:00 ~ 2019-10-26T02:00:00+00:00
197,True,2019-10-26 03:00:00+00:00,2019-10-26 03:00:00+00:00,9415/9663.46/9415/9663.46,9415/9663.46/9415/9663.46,2,2,2019-10-26T03:00:00+00:00 ~ 2019-10-26T04:00:00+00:00,2019-10-26T03:00:00+00:00 ~ 2019-10-26T04:00:00+00:00
198,True,2019-10-26 05:00:00+00:00,2019-10-26 05:00:00+00:00,9605.24/9777/9592.39/9594.88,9605.24/9777/9592.39/9594.88,1,1,2019-10-26T05:00:00+00:00 ~ 2019-10-26T05:00:00+00:00,2019-10-26T05:00:00+00:00 ~ 2019-10-26T05:00:00+00:00
199,True,2019-10-26 06:00:00+00:00,2019-10-26 06:00:00+00:00,9594.98/9632.18/9526.13/9585.89,9594.98/9632.18/9526.13/9585.89,1,1,2019-10-26T06:00:00+00:00 ~ 2019-10-26T06:00:00+00:00,2019-10-26T06:00:00+00:00 ~ 2019-10-26T06:00:00+00:00
200,True,2019-10-26 07:00:00+00:00,2019-10-26 07:00:00+00:00,9486.58/9486.58/9301.01/9301.01,9486.58/9486.58/9301.01/9301.01,2,2,2019-10-26T07:00:00+00:00 ~ 2019-10-26T08:00:00+00:00,2019-10-26T07:00:00+00:00 ~ 2019-10-26T08:00:00+00:00
201,True,2019-10-26 09:00:00+00:00,2019-10-26 09:00:00+00:00,9311.81/9311.81/8970/8970,9311.81/9311.81/8970/8970,3,3,2019-10-26T09:00:00+00:00 ~ 2019-10-26T11:00:00+00:00,2019-10-26T09:00:00+00:00 ~ 2019-10-26T11:00:00+00:00
202,True,2019-10-26 12:00:00+00:00,2019-10-26 12:00:00+00:00,9224.13/9444.44/9182.17/9269.09,9224.13/9444.44/9182.17/9269.09,1,1,2019-10-26T12:00:00+00:00 ~ 2019-10-26T12:00:00+00:00,2019-10-26T12:00:00+00:00 ~ 2019-10-26T12:00:00+00:00
203,True,2019-10-26 13:00:00+00:00,2019-10-26 13:00:00+00:00,9270/9272.8/9059/9105.56,9270/9272.8/9059/9105.56,1,1,2019-10-26T13:00:00+00:00 ~ 2019-10-26T13:00:00+00:00,2019-10-26T13:00:00+00:00 ~ 2019-10-26T13:00:00+00:00
204,True,2019-10-26 14:00:00+00:00,2019-10-26 14:00:00+00:00,9102.1/9210/9051/9154.32,9102.1/9210/9051/9154.32,1,1,2019-10-26T14:00:00+00:00 ~ 2019-10-26T14:00:00+00:00,2019-10-26T14:00:00+00:00 ~ 2019-10-26T14:00:00+00:00
205,True,2019-10-26 15:00:00+00:00,2019-10-26 15:00:00+00:00,9154.78/9297.76/9128/9196.53,9154.78/9297.76/9128/9196.53,1,1,2019-10-26T15:00:00+00:00 ~ 2019-10-26T15:00:00+00:00,2019-10-26T15:00:00+00:00 ~ 2019-10-26T15:00:00+00:00
206,True,2019-10-26 16:00:00+00:00,2019-10-26 16:00:00+00:00,9170/9170/9050/9050,9170/9170/9050/9050,2,2,2019-10-26T16:00:00+00:00 ~ 2019-10-26T17:00:00+00:00,2019-10-26T16:00:00+00:00 ~ 2019-10-26T17:00:00+00:00
207,True,2019-10-26 18:00:00+00:00,2019-10-26 18:00:00+00:00,9131.07/9164.63/8855.5/9072.01,9131.07/9164.63/8855.5/9072.01,1,1,2019-10-26T18:00:00+00:00 ~ 2019-10-26T18:00:00+00:00,2019-10-26T18:00:00+00:00 ~ 2019-10-26T18:00:00+00:00
208,True,2019-10-26 19:00:00+00:00,2019-10-26 19:00:00+00:00,8994.79/9170/8994.79/9170,8994.79/9170/8994.79/9170,2,2,2019-10-26T19:00:00+00:00 ~ 2019-10-26T20:00:00+00:00,2019-10-26T19:00:00+00:00 ~ 2019-10-26T20:00:00+00:00
209,True,2019-10-26 21:00:00+00:00,2019-10-26 21:00:00+00:00,9108.71/9228.18/9074.34/9214.03,9108.71/9228.18/9074.34/9214.03,1,1,2019-10-26T21:00:00+00:00 ~ 2019-10-26T21:00:00+00:00,2019-10-26T21:00:00+00:00 ~ 2019-10-26T21:00:00+00:00
210,True,2019-10-26 23:00:00+00:00,2019-10-26 23:00:00+00:00,9120/9289.7/9120/9289.7,9120/9289.7/9120/9289.7,2,2,2019-10-26T22:00:00+00:00 ~ 2019-10-26T23:00:00+00:00,2019-10-26T22:00:00+00:00 ~ 2019-10-26T23:00:00+00:00
211,True,2019-10-27 00:00:00+00:00,2019-10-27 00:00:00+00:00,9230/9369.8/9175/9217,9230/9369.8/9175/9217,1,1,2019-10-27T00:00:00+00:00 ~ 2019-10-27T00:00:00+00:00,2019-10-27T00:00:00+00:00 ~ 2019-10-27T00:00:00+00:00
212,True,2019-10-27 01:00:00+00:00,2019-10-27 01:00:00+00:00,9096/9187.6/9096/9187.6,9096/9187.6/9096/9187.6,2,2,2019-10-27T01:00:00+00:00 ~ 2019-10-27T02:00:00+00:00,2019-10-27T01:00:00+00:00 ~ 2019-10-27T02:00:00+00:00
213,True,2019-10-27 03:00:00+00:00,2019-10-27 03:00:00+00:00,9175.3/9205.21/9112.82/9131.61,9175.3/9205.21/9112.82/9131.61,1,1,2019-10-27T03:00:00+00:00 ~ 2019-10-27T03:00:00+00:00,2019-10-27T03:00:00+00:00 ~ 2019-10-27T03:00:00+00:00
214,True,2019-10-27 04:00:00+00:00,2019-10-27 04:00:00+00:00,9130.26/9145.6/9074.34/9099.42,9130.26/9145.6/9074.34/9099.42,1,1,2019-10-27T04:00:00+00:00 ~ 2019-10-27T04:00:00+00:00,2019-10-27T04:00:00+00:00 ~ 2019-10-27T04:00:00+00:00
215,True,2019-10-27 05:00:00+00:00,2019-10-27 05:00:00+00:00,9100/9187.61/9086.44/9180,9100/9187.61/9086.44/9180,1,1,2019-10-27T05:00:00+00:00 ~ 2019-10-27T05:00:00+00:00,2019-10-27T05:00:00+00:00 ~ 2019-10-27T05:00:00+00:00
216,True,2019-10-27 07:00:00+00:00,2019-10-27 07:00:00+00:00,9206.13/9206.13/9137/9137,9206.13/9206.13/9137/9137,2,2,2019-10-27T06:00:00+00:00 ~ 2019-10-27T07:00:00+00:00,2019-10-27T06:00:00+00:00 ~ 2019-10-27T07:00:00+00:00
217,True,2019-10-27 08:00:00+00:00,2019-10-27 08:00:00+00:00,9148.84/9282.18/9147.29/9242.61,9148.84/9282.18/9147.29/9242.61,1,1,2019-10-27T08:00:00+00:00 ~ 2019-10-27T08:00:00+00:00,2019-10-27T08:00:00+00:00 ~ 2019-10-27T08:00:00+00:00
218,True,2019-10-27 09:00:00+00:00,2019-10-27 09:00:00+00:00,9242.63/9299/9211/9232.65,9242.63/9299/9211/9232.65,1,1,2019-10-27T09:00:00+00:00 ~ 2019-10-27T09:00:00+00:00,2019-10-27T09:00:00+00:00 ~ 2019-10-27T09:00:00+00:00
219,True,2019-10-27 11:00:00+00:00,2019-10-27 11:00:00+00:00,9642.99/9642.99/9230.88/9230.88,9642.99/9642.99/9230.88/9230.88,2,2,2019-10-27T10:00:00+00:00 ~ 2019-10-27T11:00:00+00:00,2019-10-27T10:00:00+00:00 ~ 2019-10-27T11:00:00+00:00
220,True,2019-10-27 12:00:00+00:00,2019-10-27 12:00:00+00:00,9275.71/9328.05/9211.19/9301,9275.71/9328.05/9211.19/9301,1,1,2019-10-27T12:00:00+00:00 ~ 2019-10-27T12:00:00+00:00,2019-10-27T12:00:00+00:00 ~ 2019-10-27T12:00:00+00:00
221,True,2019-10-27 13:00:00+00:00,2019-10-27 13:00:00+00:00,9301.76/9521.11/9301/9439.74,9301.76/9521.11/9301/9439.74,1,1,2019-10-27T13:00:00+00:00 ~ 2019-10-27T13:00:00+00:00,2019-10-27T13:00:00+00:00 ~ 2019-10-27T13:00:00+00:00
222,True,2019-10-27 14:00:00+00:00,2019-10-27 14:00:00+00:00,9441.21/9579/9360/9526.91,9441.21/9579/9360/9526.91,1,1,2019-10-27T14:00:00+00:00 ~ 2019-10-27T14:00:00+00:00,2019-10-27T14:00:00+00:00 ~ 2019-10-27T14:00:00+00:00
223,True,2019-10-27 16:00:00+00:00,2019-10-27 16:00:00+00:00,9774.98/9774.98/9600/9600,9774.98/9774.98/9600/9600,4,4,2019-10-27T15:00:00+00:00 ~ 2019-10-27T18:00:00+00:00,2019-10-27T15:00:00+00:00 ~ 2019-10-27T18:00:00+00:00
224,True,2019-10-27 19:00:00+00:00,2019-10-27 19:00:00+00:00,9632.52/9794.98/9615.46/9712.73,9632.52/9794.98/9615.46/9712.73,1,1,2019-10-27T19:00:00+00:00 ~ 2019-10-27T19:00:00+00:00,2019-10-27T19:00:00+00:00 ~ 2019-10-27T19:00:00+00:00
225,True,2019-10-27 20:00:00+00:00,2019-10-27 20:00:00+00:00,9712/9749/9504.77/9590.23,9712/9749/9504.77/9590.23,1,1,2019-10-27T20:00:00+00:00 ~ 2019-10-27T20:00:00+00:00,2019-10-27T20:00:00+00:00 ~ 2019-10-27T20:00:00+00:00
226,True,2019-10-27 21:00:00+00:00,2019-10-27 21:00:00+00:00,9700/9700/9476/9476,9700/9700/9476/9476,2,2,2019-10-27T21:00:00+00:00 ~ 2019-10-27T22:00:00+00:00,2019-10-27T21:00:00+00:00 ~ 2019-10-27T22:00:00+00:00
227,True,2019-10-27 23:00:00+00:00,2019-10-27 23:00:00+00:00,9561.21/9581.37/9420/9529.93,9561.21/9581.37/9420/9529.93,1,1,2019-10-27T23:00:00+00:00 ~ 2019-10-27T23:00:00+00:00,2019-10-27T23:00:00+00:00 ~ 2019-10-27T23:00:00+00:00
228,True,2019-10-28 00:00:00+00:00,2019-10-28 00:00:00+00:00,9528.23/9702.8/9527.17/9696.1,9528.23/9702.8/9527.17/9696.1,1,1,2019-10-28T00:00:00+00:00 ~ 2019-10-28T00:00:00+00:00,2019-10-28T00:00:00+00:00 ~ 2019-10-28T00:00:00+00:00
229,True,2019-10-28 01:00:00+00:00,2019-10-28 01:00:00+00:00,9643.2/9902.1/9643.2/9902.1,9643.2/9902.1/9643.2/9902.1,2,2,2019-10-28T01:00:00+00:00 ~ 2019-10-28T02:00:00+00:00,2019-10-28T01:00:00+00:00 ~ 2019-10-28T02:00:00+00:00
230,True,2019-10-28 03:00:00+00:00,2019-10-28 03:00:00+00:00,9736.02/9743.48/9592/9615.45,9736.02/9743.48/9592/9615.45,1,1,2019-10-28T03:00:00+00:00 ~ 2019-10-28T03:00:00+00:00,2019-10-28T03:00:00+00:00 ~ 2019-10-28T03:00:00+00:00
231,True,2019-10-28 04:00:00+00:00,2019-10-28 04:00:00+00:00,9615.73/9636.94/9525/9612.53,9615.73/9636.94/9525/9612.53,1,1,2019-10-28T04:00:00+00:00 ~ 2019-10-28T04:00:00+00:00,2019-10-28T04:00:00+00:00 ~ 2019-10-28T04:00:00+00:00
232,True,2019-10-28 05:00:00+00:00,2019-10-28 05:00:00+00:00,9612.53/9679.26/9593.1/9605.14,9612.53/9679.26/9593.1/9605.14,1,1,2019-10-28T05:00:00+00:00 ~ 2019-10-28T05:00:00+00:00,2019-10-28T05:00:00+00:00 ~ 2019-10-28T05:00:00+00:00
233,True,2019-10-28 06:00:00+00:00,2019-10-28 06:00:00+00:00,9454.5/9454.5/9322.52/9322.52,9454.5/9454.5/9322.52/9322.52,2,2,2019-10-28T06:00:00+00:00 ~ 2019-10-28T07:00:00+00:00,2019-10-28T06:00:00+00:00 ~ 2019-10-28T07:00:00+00:00
234,True,2019-10-28 08:00:00+00:00,2019-10-28 08:00:00+00:00,9265/9420/9265/9420,9265/9420/9265/9420,2,2,2019-10-28T08:00:00+00:00 ~ 2019-10-28T09:00:00+00:00,2019-10-28T08:00:00+00:00 ~ 2019-10-28T09:00:00+00:00
235,True,2019-10-28 10:00:00+00:00,2019-10-28 10:00:00+00:00,9400.11/9468.75/9344.93/9412,9400.11/9468.75/9344.93/9412,1,1,2019-10-28T10:00:00+00:00 ~ 2019-10-28T10:00:00+00:00,2019-10-28T10:00:00+00:00 ~ 2019-10-28T10:00:00+00:00
236,True,2019-10-28 11:00:00+00:00,2019-10-28 11:00:00+00:00,9412.78/9440.62/9339.77/9407.91,9412.78/9440.62/9339.77/9407.91,1,1,2019-10-28T11:00:00+00:00 ~ 2019-10-28T11:00:00+00:00,2019-10-28T11:00:00+00:00 ~ 2019-10-28T11:00:00+00:00
237,True,2019-10-28 12:00:00+00:00,2019-10-28 12:00:00+00:00,9407.91/9410/9254/9323.07,9407.91/9410/9254/9323.07,1,1,2019-10-28T12:00:00+00:00 ~ 2019-10-28T12:00:00+00:00,2019-10-28T12:00:00+00:00 ~ 2019-10-28T12:00:00+00:00
238,True,2019-10-28 13:00:00+00:00,2019-10-28 13:00:00+00:00,9323.6/9415/9297.25/9357.53,9323.6/9415/9297.25/9357.53,1,1,2019-10-28T13:00:00+00:00 ~ 2019-10-28T13:00:00+00:00,2019-10-28T13:00:00+00:00 ~ 2019-10-28T13:00:00+00:00
239,True,2019-10-28 14:00:00+00:00,2019-10-28 14:00:00+00:00,9357.54/9374/9292.71/9332.71,9357.54/9374/9292.71/9332.71,1,1,2019-10-28T14:00:00+00:00 ~ 2019-10-28T14:00:00+00:00,2019-10-28T14:00:00+00:00 ~ 2019-10-28T14:00:00+00:00
240,True,2019-10-28 15:00:00+00:00,2019-10-28 15:00:00+00:00,9332.53/9399.94/9310/9376.21,9332.53/9399.94/9310/9376.21,1,1,2019-10-28T15:00:00+00:00 ~ 2019-10-28T15:00:00+00:00,2019-10-28T15:00:00+00:00 ~ 2019-10-28T15:00:00+00:00
241,True,2019-10-28 16:00:00+00:00,2019-10-28 16:00:00+00:00,9376.22/9400/9323.57/9351.69,9376.22/9400/9323.57/9351.69,1,1,2019-10-28T16:00:00+00:00 ~ 2019-10-28T16:00:00+00:00,2019-10-28T16:00:00+00:00 ~ 2019-10-28T16:00:00+00:00
242,True,2019-10-28 17:00:00+00:00,2019-10-28 17:00:00+00:00,9351.69/9368/9320.23/9355.69,9351.69/9368/9320.23/9355.69,1,1,2019-10-28T17:00:00+00:00 ~ 2019-10-28T17:00:00+00:00,2019-10-28T17:00:00+00:00 ~ 2019-10-28T17:00:00+00:00
243,True,2019-10-28 18:00:00+00:00,2019-10-28 18:00:00+00:00,9402.74/9478.93/9402.74/9478.93,9402.74/9478.93/9402.74/9478.93,4,4,2019-10-28T18:00:00+00:00 ~ 2019-10-28T21:00:00+00:00,2019-10-28T18:00:00+00:00 ~ 2019-10-28T21:00:00+00:00
244,True,2019-10-28 23:00:00+00:00,2019-10-28 23:00:00+00:00,9160/9288/9160/9288,9160/9288/9160/9288,3,3,2019-10-28T22:00:00+00:00 ~ 2019-10-29T00:00:00+00:00,2019-10-28T22:00:00+00:00 ~ 2019-10-29T00:00:00+00:00
245,True,2019-10-29 01:00:00+00:00,2019-10-29 01:00:00+00:00,9238.02/9306.43/9238.02/9306.43,9238.02/9306.43/9238.02/9306.43,3,3,2019-10-29T01:00:00+00:00 ~ 2019-10-29T03:00:00+00:00,2019-10-29T01:00:00+00:00 ~ 2019-10-29T03:00:00+00:00
246,True,2019-10-29 04:00:00+00:00,2019-10-29 04:00:00+00:00,9285.78/9450/9283.93/9416,9285.78/9450/9283.93/9416,1,1,2019-10-29T04:00:00+00:00 ~ 2019-10-29T04:00:00+00:00,2019-10-29T04:00:00+00:00 ~ 2019-10-29T04:00:00+00:00
247,True,2019-10-29 05:00:00+00:00,2019-10-29 05:00:00+00:00,9425.99/9550/9425.99/9550,9425.99/9550/9425.99/9550,3,3,2019-10-29T05:00:00+00:00 ~ 2019-10-29T07:00:00+00:00,2019-10-29T05:00:00+00:00 ~ 2019-10-29T07:00:00+00:00
248,True,2019-10-29 08:00:00+00:00,2019-10-29 08:00:00+00:00,9441.56/9467.45/9391.89/9418.06,9441.56/9467.45/9391.89/9418.06,1,1,2019-10-29T08:00:00+00:00 ~ 2019-10-29T08:00:00+00:00,2019-10-29T08:00:00+00:00 ~ 2019-10-29T08:00:00+00:00
249,True,2019-10-29 09:00:00+00:00,2019-10-29 09:00:00+00:00,9417.5/9421.01/9351/9384.9,9417.5/9421.01/9351/9384.9,1,1,2019-10-29T09:00:00+00:00 ~ 2019-10-29T09:00:00+00:00,2019-10-29T09:00:00+00:00 ~ 2019-10-29T09:00:00+00:00
250,True,2019-10-29 10:00:00+00:00,2019-10-29 10:00:00+00:00,9385.35/9490.1/9382.78/9447.98,9385.35/9490.1/9382.78/9447.98,1,1,2019-10-29T10:00:00+00:00 ~ 2019-10-29T10:00:00+00:00,2019-10-29T10:00:00+00:00 ~ 2019-10-29T10:00:00+00:00
251,True,2019-10-29 12:00:00+00:00,2019-10-29 12:00:00+00:00,9459.8/9459.8/9366.04/9366.04,9459.8/9459.8/9366.04/9366.04,2,2,2019-10-29T11:00:00+00:00 ~ 2019-10-29T12:00:00+00:00,2019-10-29T11:00:00+00:00 ~ 2019-10-29T12:00:00+00:00
252,True,2019-10-29 13:00:00+00:00,2019-10-29 13:00:00+00:00,9365.01/9365.01/9265.83/9265.83,9365.01/9365.01/9265.83/9265.83,3,3,2019-10-29T13:00:00+00:00 ~ 2019-10-29T15:00:00+00:00,2019-10-29T13:00:00+00:00 ~ 2019-10-29T15:00:00+00:00
253,True,2019-10-29 16:00:00+00:00,2019-10-29 16:00:00+00:00,9256.91/9354.88/9256.91/9354.88,9256.91/9354.88/9256.91/9354.88,2,2,2019-10-29T16:00:00+00:00 ~ 2019-10-29T17:00:00+00:00,2019-10-29T16:00:00+00:00 ~ 2019-10-29T17:00:00+00:00
254,True,2019-10-29 18:00:00+00:00,2019-10-29 18:00:00+00:00,9318.49/9397/9303/9357.06,9318.49/9397/9303/9357.06,1,1,2019-10-29T18:00:00+00:00 ~ 2019-10-29T18:00:00+00:00,2019-10-29T18:00:00+00:00 ~ 2019-10-29T18:00:00+00:00
255,True,2019-10-29 19:00:00+00:00,2019-10-29 19:00:00+00:00,9356.96/9384.73/9072/9225.09,9356.96/9384.73/9072/9225.09,1,1,2019-10-29T19:00:00+00:00 ~ 2019-10-29T19:00:00+00:00,2019-10-29T19:00:00+00:00 ~ 2019-10-29T19:00:00+00:00
256,True,2019-10-29 20:00:00+00:00,2019-10-29 20:00:00+00:00,9395.4/9482/9395.4/9482,9395.4/9482/9395.4/9482,3,3,2019-10-29T20:00:00+00:00 ~ 2019-10-29T22:00:00+00:00,2019-10-29T20:00:00+00:00 ~ 2019-10-29T22:00:00+00:00
257,True,2019-10-29 23:00:00+00:00,2019-10-29 23:00:00+00:00,9438.82/9449.69/9390/9407.62,9438.82/9449.69/9390/9407.62,1,1,2019-10-29T23:00:00+00:00 ~ 2019-10-29T23:00:00+00:00,2019-10-29T23:00:00+00:00 ~ 2019-10-29T23:00:00+00:00
258,True,2019-10-30 00:00:00+00:00,2019-10-30 00:00:00+00:00,9245.01/9390/9245.01/9390,9245.01/9390/9245.01/9390,2,2,2019-10-30T00:00:00+00:00 ~ 2019-10-30T01:00:00+00:00,2019-10-30T00:00:00+00:00 ~ 2019-10-30T01:00:00+00:00
259,True,2019-10-30 02:00:00+00:00,2019-10-30 02:00:00+00:00,9380.12/9394.84/9272.57/9309.08,9380.12/9394.84/9272.57/9309.08,1,1,2019-10-30T02:00:00+00:00 ~ 2019-10-30T02:00:00+00:00,2019-10-30T02:00:00+00:00 ~ 2019-10-30T02:00:00+00:00
260,True,2019-10-30 04:00:00+00:00,2019-10-30 04:00:00+00:00,9321.96/9321.96/9212.2/9212.2,9321.96/9321.96/9212.2/9212.2,2,2,2019-10-30T03:00:00+00:00 ~ 2019-10-30T04:00:00+00:00,2019-10-30T03:00:00+00:00 ~ 2019-10-30T04:00:00+00:00
261,True,2019-10-30 07:00:00+00:00,2019-10-30 07:00:00+00:00,9151/9234/9151/9234,9151/9234/9151/9234,4,4,2019-10-30T05:00:00+00:00 ~ 2019-10-30T08:00:00+00:00,2019-10-30T05:00:00+00:00 ~ 2019-10-30T08:00:00+00:00
262,True,2019-10-30 09:00:00+00:00,2019-10-30 09:00:00+00:00,9192.85/9248.79/9191.55/9219.36,9192.85/9248.79/9191.55/9219.36,1,1,2019-10-30T09:00:00+00:00 ~ 2019-10-30T09:00:00+00:00,2019-10-30T09:00:00+00:00 ~ 2019-10-30T09:00:00+00:00
263,True,2019-10-30 10:00:00+00:00,2019-10-30 10:00:00+00:00,9219.98/9222.02/9023/9114.62,9219.98/9222.02/9023/9114.62,1,1,2019-10-30T10:00:00+00:00 ~ 2019-10-30T10:00:00+00:00,2019-10-30T10:00:00+00:00 ~ 2019-10-30T10:00:00+00:00
264,True,2019-10-30 11:00:00+00:00,2019-10-30 11:00:00+00:00,9113.29/9115/9018/9097.69,9113.29/9115/9018/9097.69,1,1,2019-10-30T11:00:00+00:00 ~ 2019-10-30T11:00:00+00:00,2019-10-30T11:00:00+00:00 ~ 2019-10-30T11:00:00+00:00
265,True,2019-10-30 12:00:00+00:00,2019-10-30 12:00:00+00:00,9096.23/9172.41/9076.84/9123.32,9096.23/9172.41/9076.84/9123.32,1,1,2019-10-30T12:00:00+00:00 ~ 2019-10-30T12:00:00+00:00,2019-10-30T12:00:00+00:00 ~ 2019-10-30T12:00:00+00:00
266,True,2019-10-30 13:00:00+00:00,2019-10-30 13:00:00+00:00,9123.33/9142.39/9028.25/9042.72,9123.33/9142.39/9028.25/9042.72,1,1,2019-10-30T13:00:00+00:00 ~ 2019-10-30T13:00:00+00:00,2019-10-30T13:00:00+00:00 ~ 2019-10-30T13:00:00+00:00
267,True,2019-10-30 15:00:00+00:00,2019-10-30 15:00:00+00:00,9001.01/9128/9001.01/9128,9001.01/9128/9001.01/9128,2,2,2019-10-30T14:00:00+00:00 ~ 2019-10-30T15:00:00+00:00,2019-10-30T14:00:00+00:00 ~ 2019-10-30T15:00:00+00:00
268,True,2019-10-30 16:00:00+00:00,2019-10-30 16:00:00+00:00,9100.03/9164.55/9100.03/9164.55,9100.03/9164.55/9100.03/9164.55,3,3,2019-10-30T16:00:00+00:00 ~ 2019-10-30T18:00:00+00:00,2019-10-30T16:00:00+00:00 ~ 2019-10-30T18:00:00+00:00
269,True,2019-10-30 20:00:00+00:00,2019-10-30 20:00:00+00:00,9217.33/9217.33/9146.68/9146.68,9217.33/9217.33/9146.68/9146.68,2,2,2019-10-30T19:00:00+00:00 ~ 2019-10-30T20:00:00+00:00,2019-10-30T19:00:00+00:00 ~ 2019-10-30T20:00:00+00:00
270,True,2019-10-30 21:00:00+00:00,2019-10-30 21:00:00+00:00,9172.99/9175.47/9128.26/9136.63,9172.99/9175.47/9128.26/9136.63,1,1,2019-10-30T21:00:00+00:00 ~ 2019-10-30T21:00:00+00:00,2019-10-30T21:00:00+00:00 ~ 2019-10-30T21:00:00+00:00
271,True,2019-10-30 22:00:00+00:00,2019-10-30 22:00:00+00:00,9225/9225/9147.27/9147.27,9225/9225/9147.27/9147.27,2,2,2019-10-30T22:00:00+00:00 ~ 2019-10-30T23:00:00+00:00,2019-10-30T22:00:00+00:00 ~ 2019-10-30T23:00:00+00:00
272,True,2019-10-31 00:00:00+00:00,2019-10-31 00:00:00+00:00,9154.02/9204.97/9120.94/9138.32,9154.02/9204.97/9120.94/9138.32,1,1,2019-10-31T00:00:00+00:00 ~ 2019-10-31T00:00:00+00:00,2019-10-31T00:00:00+00:00 ~ 2019-10-31T00:00:00+00:00
273,True,2019-10-31 01:00:00+00:00,2019-10-31 01:00:00+00:00,9138.57/9146.01/9054.83/9057.82,9138.57/9146.01/9054.83/9057.82,1,1,2019-10-31T01:00:00+00:00 ~ 2019-10-31T01:00:00+00:00,2019-10-31T01:00:00+00:00 ~ 2019-10-31T01:00:00+00:00
274,True,2019-10-31 02:00:00+00:00,2019-10-31 02:00:00+00:00,9058.93/9118.41/9051.01/9090.96,9058.93/9118.41/9051.01/9090.96,1,1,2019-10-31T02:00:00+00:00 ~ 2019-10-31T02:00:00+00:00,2019-10-31T02:00:00+00:00 ~ 2019-10-31T02:00:00+00:00
275,True,2019-10-31 03:00:00+00:00,2019-10-31 03:00:00+00:00,9133.73/9133.73/9074.74/9074.74,9133.73/9133.73/9074.74/9074.74,2,2,2019-10-31T03:00:00+00:00 ~ 2019-10-31T04:00:00+00:00,2019-10-31T03:00:00+00:00 ~ 2019-10-31T04:00:00+00:00
276,True,2019-10-31 05:00:00+00:00,2019-10-31 05:00:00+00:00,9081.29/9179.72/9078.23/9167.46,9081.29/9179.72/9078.23/9167.46,1,1,2019-10-31T05:00:00+00:00 ~ 2019-10-31T05:00:00+00:00,2019-10-31T05:00:00+00:00 ~ 2019-10-31T05:00:00+00:00
277,True,2019-10-31 06:00:00+00:00,2019-10-31 06:00:00+00:00,9167.46/9209/9095/9120.46,9167.46/9209/9095/9120.46,1,1,2019-10-31T06:00:00+00:00 ~ 2019-10-31T06:00:00+00:00,2019-10-31T06:00:00+00:00 ~ 2019-10-31T06:00:00+00:00
278,True,2019-10-31 08:00:00+00:00,2019-10-31 08:00:00+00:00,9075.98/9123.18/9075.98/9123.18,9075.98/9123.18/9075.98/9123.18,2,2,2019-10-31T07:00:00+00:00 ~ 2019-10-31T08:00:00+00:00,2019-10-31T07:00:00+00:00 ~ 2019-10-31T08:00:00+00:00
279,True,2019-10-31 09:00:00+00:00,2019-10-31 09:00:00+00:00,9113.39/9114.98/9022.38/9037.92,9113.39/9114.98/9022.38/9037.92,1,1,2019-10-31T09:00:00+00:00 ~ 2019-10-31T09:00:00+00:00,2019-10-31T09:00:00+00:00 ~ 2019-10-31T09:00:00+00:00
280,True,2019-10-31 10:00:00+00:00,2019-10-31 10:00:00+00:00,9037.92/9081.07/8913/9072.68,9037.92/9081.07/8913/9072.68,1,1,2019-10-31T10:00:00+00:00 ~ 2019-10-31T10:00:00+00:00,2019-10-31T10:00:00+00:00 ~ 2019-10-31T10:00:00+00:00
281,True,2019-10-31 11:00:00+00:00,2019-10-31 11:00:00+00:00,9072.68/9149.42/9048.82/9109.53,9072.68/9149.42/9048.82/9109.53,1,1,2019-10-31T11:00:00+00:00 ~ 2019-10-31T11:00:00+00:00,2019-10-31T11:00:00+00:00 ~ 2019-10-31T11:00:00+00:00
282,True,2019-10-31 12:00:00+00:00,2019-10-31 12:00:00+00:00,9405/9405/9258.88/9258.88,9405/9405/9258.88/9258.88,2,2,2019-10-31T12:00:00+00:00 ~ 2019-10-31T13:00:00+00:00,2019-10-31T12:00:00+00:00 ~ 2019-10-31T13:00:00+00:00
283,True,2019-10-31 14:00:00+00:00,2019-10-31 14:00:00+00:00,9290.5/9291.44/9222.33/9238.65,9290.5/9291.44/9222.33/9238.65,1,1,2019-10-31T14:00:00+00:00 ~ 2019-10-31T14:00:00+00:00,2019-10-31T14:00:00+00:00 ~ 2019-10-31T14:00:00+00:00
284,True,2019-10-31 15:00:00+00:00,2019-10-31 15:00:00+00:00,9180/9257.99/9180/9257.99,9180/9257.99/9180/9257.99,2,2,2019-10-31T15:00:00+00:00 ~ 2019-10-31T16:00:00+00:00,2019-10-31T15:00:00+00:00 ~ 2019-10-31T16:00:00+00:00
285,True,2019-10-31 17:00:00+00:00,2019-10-31 17:00:00+00:00,9239.48/9264.04/9227.03/9243.41,9239.48/9264.04/9227.03/9243.41,1,1,2019-10-31T17:00:00+00:00 ~ 2019-10-31T17:00:00+00:00,2019-10-31T17:00:00+00:00 ~ 2019-10-31T17:00:00+00:00
286,True,2019-10-31 18:00:00+00:00,2019-10-31 18:00:00+00:00,9250/9250/9193.1/9193.1,9250/9250/9193.1/9193.1,2,2,2019-10-31T18:00:00+00:00 ~ 2019-10-31T19:00:00+00:00,2019-10-31T18:00:00+00:00 ~ 2019-10-31T19:00:00+00:00
287,True,2019-10-31 20:00:00+00:00,2019-10-31 20:00:00+00:00,9211.02/9243.47/9123.33/9185.98,9211.02/9243.47/9123.33/9185.98,1,1,2019-10-31T20:00:00+00:00 ~ 2019-10-31T20:00:00+00:00,2019-10-31T20:00:00+00:00 ~ 2019-10-31T20:00:00+00:00
288,True,2019-10-31 21:00:00+00:00,2019-10-31 21:00:00+00:00,9013/9100/9013/9100,9013/9100/9013/9100,8,8,2019-10-31T21:00:00+00:00 ~ 2019-11-01T04:00:00+00:00,2019-10-31T21:00:00+00:00 ~ 2019-11-01T04:00:00+00:00
289,True,2019-11-01 06:00:00+00:00,2019-11-01 06:00:00+00:00,9137/9137/9080.12/9080.12,9137/9137/9080.12/9080.12,3,3,2019-11-01T05:00:00+00:00 ~ 2019-11-01T07:00:00+00:00,2019-11-01T05:00:00+00:00 ~ 2019-11-01T07:00:00+00:00
290,True,2019-11-01 08:00:00+00:00,2019-11-01 08:00:00+00:00,9099.43/9174.99/9094.2/9134.63,9099.43/9174.99/9094.2/9134.63,1,1,2019-11-01T08:00:00+00:00 ~ 2019-11-01T08:00:00+00:00,2019-11-01T08:00:00+00:00 ~ 2019-11-01T08:00:00+00:00
291,True,2019-11-01 09:00:00+00:00,2019-11-01 09:00:00+00:00,9134.63/9136/9088.88/9103.12,9134.63/9136/9088.88/9103.12,1,1,2019-11-01T09:00:00+00:00 ~ 2019-11-01T09:00:00+00:00,2019-11-01T09:00:00+00:00 ~ 2019-11-01T09:00:00+00:00
292,True,2019-11-01 10:00:00+00:00,2019-11-01 10:00:00+00:00,9103.42/9181.32/9095.13/9155.93,9103.42/9181.32/9095.13/9155.93,1,1,2019-11-01T10:00:00+00:00 ~ 2019-11-01T10:00:00+00:00,2019-11-01T10:00:00+00:00 ~ 2019-11-01T10:00:00+00:00
293,True,2019-11-01 11:00:00+00:00,2019-11-01 11:00:00+00:00,9155.93/9279/9132.41/9163.16,9155.93/9279/9132.41/9163.16,1,1,2019-11-01T11:00:00+00:00 ~ 2019-11-01T11:00:00+00:00,2019-11-01T11:00:00+00:00 ~ 2019-11-01T11:00:00+00:00
294,True,2019-11-01 13:00:00+00:00,2019-11-01 13:00:00+00:00,9061.65/9136.3/9061.65/9136.3,9061.65/9136.3/9061.65/9136.3,3,3,2019-11-01T12:00:00+00:00 ~ 2019-11-01T14:00:00+00:00,2019-11-01T12:00:00+00:00 ~ 2019-11-01T14:00:00+00:00
295,True,2019-11-01 15:00:00+00:00,2019-11-01 15:00:00+00:00,9123.74/9248.51/9076/9082.43,9123.74/9248.51/9076/9082.43,1,1,2019-11-01T15:00:00+00:00 ~ 2019-11-01T15:00:00+00:00,2019-11-01T15:00:00+00:00 ~ 2019-11-01T15:00:00+00:00
296,True,2019-11-01 16:00:00+00:00,2019-11-01 16:00:00+00:00,9082.43/9200/9060/9152.9,9082.43/9200/9060/9152.9,1,1,2019-11-01T16:00:00+00:00 ~ 2019-11-01T16:00:00+00:00,2019-11-01T16:00:00+00:00 ~ 2019-11-01T16:00:00+00:00
297,True,2019-11-01 17:00:00+00:00,2019-11-01 17:00:00+00:00,9150.75/9202/9138.94/9159.94,9150.75/9202/9138.94/9159.94,1,1,2019-11-01T17:00:00+00:00 ~ 2019-11-01T17:00:00+00:00,2019-11-01T17:00:00+00:00 ~ 2019-11-01T17:00:00+00:00
298,True,2019-11-01 18:00:00+00:00,2019-11-01 18:00:00+00:00,9160.16/9205.2/9148.84/9181.11,9160.16/9205.2/9148.84/9181.11,1,1,2019-11-01T18:00:00+00:00 ~ 2019-11-01T18:00:00+00:00,2019-11-01T18:00:00+00:00 ~ 2019-11-01T18:00:00+00:00
299,True,2019-11-01 19:00:00+00:00,2019-11-01 19:00:00+00:00,9167.15/9213.57/9167.15/9213.57,9167.15/9213.57/9167.15/9213.57,2,2,2019-11-01T19:00:00+00:00 ~ 2019-11-01T20:00:00+00:00,2019-11-01T19:00:00+00:00 ~ 2019-11-01T20:00:00+00:00
300,True,2019-11-01 21:00:00+00:00,2019-11-01 21:00:00+00:00,9190.15/9275/9180/9259.21,9190.15/9275/9180/9259.21,1,1,2019-11-01T21:00:00+00:00 ~ 2019-11-01T21:00:00+00:00,2019-11-01T21:00:00+00:00 ~ 2019-11-01T21:00:00+00:00
301,True,2019-11-01 22:00:00+00:00,2019-11-01 22:00:00+00:00,9277.16/9277.16/9224.03/9224.03,9277.16/9277.16/9224.03/9224.03,4,4,2019-11-01T22:00:00+00:00 ~ 2019-11-02T01:00:00+00:00,2019-11-01T22:00:00+00:00 ~ 2019-11-02T01:00:00+00:00
302,True,2019-11-02 02:00:00+00:00,2019-11-02 02:00:00+00:00,9238.37/9249.98/9209.99/9249.88,9238.37/9249.98/9209.99/9249.88,1,1,2019-11-02T02:00:00+00:00 ~ 2019-11-02T02:00:00+00:00,2019-11-02T02:00:00+00:00 ~ 2019-11-02T02:00:00+00:00
303,True,2019-11-02 03:00:00+00:00,2019-11-02 03:00:00+00:00,9248.98/9251.01/9225.07/9236.67,9248.98/9251.01/9225.07/9236.67,1,1,2019-11-02T03:00:00+00:00 ~ 2019-11-02T03:00:00+00:00,2019-11-02T03:00:00+00:00 ~ 2019-11-02T03:00:00+00:00
304,True,2019-11-02 04:00:00+00:00,2019-11-02 04:00:00+00:00,9236.27/9242.95/9196/9200,9236.27/9242.95/9196/9200,1,1,2019-11-02T04:00:00+00:00 ~ 2019-11-02T04:00:00+00:00,2019-11-02T04:00:00+00:00 ~ 2019-11-02T04:00:00+00:00
305,True,2019-11-02 05:00:00+00:00,2019-11-02 05:00:00+00:00,9200.81/9227.99/9191.02/9216.7,9200.81/9227.99/9191.02/9216.7,1,1,2019-11-02T05:00:00+00:00 ~ 2019-11-02T05:00:00+00:00,2019-11-02T05:00:00+00:00 ~ 2019-11-02T05:00:00+00:00
306,True,2019-11-02 06:00:00+00:00,2019-11-02 06:00:00+00:00,9186.21/9220/9186.21/9220,9186.21/9220/9186.21/9220,2,2,2019-11-02T06:00:00+00:00 ~ 2019-11-02T07:00:00+00:00,2019-11-02T06:00:00+00:00 ~ 2019-11-02T07:00:00+00:00
307,True,2019-11-02 08:00:00+00:00,2019-11-02 08:00:00+00:00,9201.55/9240.59/9201.55/9240.59,9201.55/9240.59/9201.55/9240.59,3,3,2019-11-02T08:00:00+00:00 ~ 2019-11-02T10:00:00+00:00,2019-11-02T08:00:00+00:00 ~ 2019-11-02T10:00:00+00:00
308,True,2019-11-02 12:00:00+00:00,2019-11-02 12:00:00+00:00,9214.84/9350/9214.84/9350,9214.84/9350/9214.84/9350,2,2,2019-11-02T11:00:00+00:00 ~ 2019-11-02T12:00:00+00:00,2019-11-02T11:00:00+00:00 ~ 2019-11-02T12:00:00+00:00
309,True,2019-11-02 13:00:00+00:00,2019-11-02 13:00:00+00:00,9373.74/9373.74/9308.88/9308.88,9373.74/9373.74/9308.88/9308.88,2,2,2019-11-02T13:00:00+00:00 ~ 2019-11-02T14:00:00+00:00,2019-11-02T13:00:00+00:00 ~ 2019-11-02T14:00:00+00:00
310,True,2019-11-02 15:00:00+00:00,2019-11-02 15:00:00+00:00,9309.42/9324.39/9273.15/9324.36,9309.42/9324.39/9273.15/9324.36,1,1,2019-11-02T15:00:00+00:00 ~ 2019-11-02T15:00:00+00:00,2019-11-02T15:00:00+00:00 ~ 2019-11-02T15:00:00+00:00
311,True,2019-11-02 16:00:00+00:00,2019-11-02 16:00:00+00:00,9323.01/9338.81/9294.77/9311.11,9323.01/9338.81/9294.77/9311.11,1,1,2019-11-02T16:00:00+00:00 ~ 2019-11-02T16:00:00+00:00,2019-11-02T16:00:00+00:00 ~ 2019-11-02T16:00:00+00:00
312,True,2019-11-02 17:00:00+00:00,2019-11-02 17:00:00+00:00,9311.07/9330/9281/9288.39,9311.07/9330/9281/9288.39,1,1,2019-11-02T17:00:00+00:00 ~ 2019-11-02T17:00:00+00:00,2019-11-02T17:00:00+00:00 ~ 2019-11-02T17:00:00+00:00
313,True,2019-11-02 18:00:00+00:00,2019-11-02 18:00:00+00:00,9288.38/9304/9264.59/9285,9288.38/9304/9264.59/9285,1,1,2019-11-02T18:00:00+00:00 ~ 2019-11-02T18:00:00+00:00,2019-11-02T18:00:00+00:00 ~ 2019-11-02T18:00:00+00:00
314,True,2019-11-02 19:00:00+00:00,2019-11-02 19:00:00+00:00,9320/9320/9281.43/9281.43,9320/9320/9281.43/9281.43,2,2,2019-11-02T19:00:00+00:00 ~ 2019-11-02T20:00:00+00:00,2019-11-02T19:00:00+00:00 ~ 2019-11-02T20:00:00+00:00
315,True,2019-11-02 21:00:00+00:00,2019-11-02 21:00:00+00:00,9303.37/9303.52/9271.02/9271.97,9303.37/9303.52/9271.02/9271.97,1,1,2019-11-02T21:00:00+00:00 ~ 2019-11-02T21:00:00+00:00,2019-11-02T21:00:00+00:00 ~ 2019-11-02T21:00:00+00:00
316,True,2019-11-02 22:00:00+00:00,2019-11-02 22:00:00+00:00,9270.52/9298.24/9270.52/9298.24,9270.52/9298.24/9270.52/9298.24,2,2,2019-11-02T22:00:00+00:00 ~ 2019-11-02T23:00:00+00:00,2019-11-02T22:00:00+00:00 ~ 2019-11-02T23:00:00+00:00
317,True,2019-11-03 00:00:00+00:00,2019-11-03 00:00:00+00:00,9299.09/9340.35/9299.09/9340.35,9299.09/9340.35/9299.09/9340.35,2,2,2019-11-03T00:00:00+00:00 ~ 2019-11-03T01:00:00+00:00,2019-11-03T00:00:00+00:00 ~ 2019-11-03T01:00:00+00:00
318,True,2019-11-03 02:00:00+00:00,2019-11-03 02:00:00+00:00,9362.57/9362.57/9314.19/9314.19,9362.57/9362.57/9314.19/9314.19,2,2,2019-11-03T02:00:00+00:00 ~ 2019-11-03T03:00:00+00:00,2019-11-03T02:00:00+00:00 ~ 2019-11-03T03:00:00+00:00
319,True,2019-11-03 04:00:00+00:00,2019-11-03 04:00:00+00:00,9329.75/9330.4/9241/9260.24,9329.75/9330.4/9241/9260.24,1,1,2019-11-03T04:00:00+00:00 ~ 2019-11-03T04:00:00+00:00,2019-11-03T04:00:00+00:00 ~ 2019-11-03T04:00:00+00:00
320,True,2019-11-03 05:00:00+00:00,2019-11-03 05:00:00+00:00,9260.25/9271.15/9225.01/9263.05,9260.25/9271.15/9225.01/9263.05,1,1,2019-11-03T05:00:00+00:00 ~ 2019-11-03T05:00:00+00:00,2019-11-03T05:00:00+00:00 ~ 2019-11-03T05:00:00+00:00
321,True,2019-11-03 06:00:00+00:00,2019-11-03 06:00:00+00:00,9262.9/9284.59/9251.57/9262.32,9262.9/9284.59/9251.57/9262.32,1,1,2019-11-03T06:00:00+00:00 ~ 2019-11-03T06:00:00+00:00,2019-11-03T06:00:00+00:00 ~ 2019-11-03T06:00:00+00:00
322,True,2019-11-03 07:00:00+00:00,2019-11-03 07:00:00+00:00,9258.8/9272/9236.57/9239.61,9258.8/9272/9236.57/9239.61,1,1,2019-11-03T07:00:00+00:00 ~ 2019-11-03T07:00:00+00:00,2019-11-03T07:00:00+00:00 ~ 2019-11-03T07:00:00+00:00
323,True,2019-11-03 08:00:00+00:00,2019-11-03 08:00:00+00:00,9237.89/9237.89/9182/9182,9237.89/9237.89/9182/9182,2,2,2019-11-03T08:00:00+00:00 ~ 2019-11-03T09:00:00+00:00,2019-11-03T08:00:00+00:00 ~ 2019-11-03T09:00:00+00:00
324,True,2019-11-03 10:00:00+00:00,2019-11-03 10:00:00+00:00,9109/9173.15/9109/9173.15,9109/9173.15/9109/9173.15,2,2,2019-11-03T10:00:00+00:00 ~ 2019-11-03T11:00:00+00:00,2019-11-03T10:00:00+00:00 ~ 2019-11-03T11:00:00+00:00
325,True,2019-11-03 12:00:00+00:00,2019-11-03 12:00:00+00:00,9155.26/9165/9101/9150.08,9155.26/9165/9101/9150.08,1,1,2019-11-03T12:00:00+00:00 ~ 2019-11-03T12:00:00+00:00,2019-11-03T12:00:00+00:00 ~ 2019-11-03T12:00:00+00:00
326,True,2019-11-03 13:00:00+00:00,2019-11-03 13:00:00+00:00,9150.08/9179.32/9132.04/9163.76,9150.08/9179.32/9132.04/9163.76,1,1,2019-11-03T13:00:00+00:00 ~ 2019-11-03T13:00:00+00:00,2019-11-03T13:00:00+00:00 ~ 2019-11-03T13:00:00+00:00
327,True,2019-11-03 14:00:00+00:00,2019-11-03 14:00:00+00:00,9163.76/9186.63/9135.04/9145.79,9163.76/9186.63/9135.04/9145.79,1,1,2019-11-03T14:00:00+00:00 ~ 2019-11-03T14:00:00+00:00,2019-11-03T14:00:00+00:00 ~ 2019-11-03T14:00:00+00:00
328,True,2019-11-03 15:00:00+00:00,2019-11-03 15:00:00+00:00,9180/9180/9130/9130,9180/9180/9130/9130,2,2,2019-11-03T15:00:00+00:00 ~ 2019-11-03T16:00:00+00:00,2019-11-03T15:00:00+00:00 ~ 2019-11-03T16:00:00+00:00
329,True,2019-11-03 17:00:00+00:00,2019-11-03 17:00:00+00:00,9112.95/9163.08/9112.95/9163.08,9112.95/9163.08/9112.95/9163.08,2,2,2019-11-03T17:00:00+00:00 ~ 2019-11-03T18:00:00+00:00,2019-11-03T17:00:00+00:00 ~ 2019-11-03T18:00:00+00:00
330,True,2019-11-03 19:00:00+00:00,2019-11-03 19:00:00+00:00,9133.56/9174.06/9133.56/9174.06,9133.56/9174.06/9133.56/9174.06,2,2,2019-11-03T19:00:00+00:00 ~ 2019-11-03T20:00:00+00:00,2019-11-03T19:00:00+00:00 ~ 2019-11-03T20:00:00+00:00
331,True,2019-11-03 21:00:00+00:00,2019-11-03 21:00:00+00:00,9151.72/9171.99/9066.14/9145.31,9151.72/9171.99/9066.14/9145.31,1,1,2019-11-03T21:00:00+00:00 ~ 2019-11-03T21:00:00+00:00,2019-11-03T21:00:00+00:00 ~ 2019-11-03T21:00:00+00:00
332,True,2019-11-03 22:00:00+00:00,2019-11-03 22:00:00+00:00,9145.31/9214.99/9142.98/9203.44,9145.31/9214.99/9142.98/9203.44,1,1,2019-11-03T22:00:00+00:00 ~ 2019-11-03T22:00:00+00:00,2019-11-03T22:00:00+00:00 ~ 2019-11-03T22:00:00+00:00
333,True,2019-11-03 23:00:00+00:00,2019-11-03 23:00:00+00:00,9204.98/9236/9183.59/9194.71,9204.98/9236/9183.59/9194.71,1,1,2019-11-03T23:00:00+00:00 ~ 2019-11-03T23:00:00+00:00,2019-11-03T23:00:00+00:00 ~ 2019-11-03T23:00:00+00:00
334,True,2019-11-04 00:00:00+00:00,2019-11-04 00:00:00+00:00,9196.46/9209.82/9145.62/9165.74,9196.46/9209.82/9145.62/9165.74,1,1,2019-11-04T00:00:00+00:00 ~ 2019-11-04T00:00:00+00:00,2019-11-04T00:00:00+00:00 ~ 2019-11-04T00:00:00+00:00
335,True,2019-11-04 01:00:00+00:00,2019-11-04 01:00:00+00:00,9165.73/9168.42/9136/9158.04,9165.73/9168.42/9136/9158.04,1,1,2019-11-04T01:00:00+00:00 ~ 2019-11-04T01:00:00+00:00,2019-11-04T01:00:00+00:00 ~ 2019-11-04T01:00:00+00:00
