序号,一致,本项目时间,CZSC时间,本项目类型,CZSC类型,本项目价格,CZSC价格,本项目无包含K序号,CZSC无包含K序号,本项目三K时间,CZSC三K时间
0,True,2019-10-14 07:00:00+00:00,2019-10-14 07:00:00+00:00,底分型,底分型,8280.44,8280.44,1,1,2019-10-14T06:00:00+00:00 | 2019-10-14T07:00:00+00:00 | 2019-10-14T09:00:00+00:00,2019-10-14T06:00:00+00:00 | 2019-10-14T07:00:00+00:00 | 2019-10-14T09:00:00+00:00
1,True,2019-10-14 09:00:00+00:00,2019-10-14 09:00:00+00:00,顶分型,顶分型,8325.62,8325.62,2,2,2019-10-14T07:00:00+00:00 | 2019-10-14T09:00:00+00:00 | 2019-10-14T10:00:00+00:00,2019-10-14T07:00:00+00:00 | 2019-10-14T09:00:00+00:00 | 2019-10-14T10:00:00+00:00
2,True,2019-10-14 12:00:00+00:00,2019-10-14 12:00:00+00:00,底分型,底分型,8242.22,8242.22,5,5,2019-10-14T11:00:00+00:00 | 2019-10-14T12:00:00+00:00 | 2019-10-14T13:00:00+00:00,2019-10-14T11:00:00+00:00 | 2019-10-14T12:00:00+00:00 | 2019-10-14T13:00:00+00:00
3,True,2019-10-14 14:00:00+00:00,2019-10-14 14:00:00+00:00,顶分型,顶分型,8291.47,8291.47,7,7,2019-10-14T13:00:00+00:00 | 2019-10-14T14:00:00+00:00 | 2019-10-14T16:00:00+00:00,2019-10-14T13:00:00+00:00 | 2019-10-14T14:00:00+00:00 | 2019-10-14T16:00:00+00:00
4,True,2019-10-14 16:00:00+00:00,2019-10-14 16:00:00+00:00,底分型,底分型,8203.0,8203.0,8,8,2019-10-14T14:00:00+00:00 | 2019-10-14T16:00:00+00:00 | 2019-10-14T17:00:00+00:00,2019-10-14T14:00:00+00:00 | 2019-10-14T16:00:00+00:00 | 2019-10-14T17:00:00+00:00
5,True,2019-10-14 19:00:00+00:00,2019-10-14 19:00:00+00:00,顶分型,顶分型,8377.0,8377.0,10,10,2019-10-14T17:00:00+00:00 | 2019-10-14T19:00:00+00:00 | 2019-10-14T21:00:00+00:00,2019-10-14T17:00:00+00:00 | 2019-10-14T19:00:00+00:00 | 2019-10-14T21:00:00+00:00
6,True,2019-10-14 21:00:00+00:00,2019-10-14 21:00:00+00:00,底分型,底分型,8251.89,8251.89,11,11,2019-10-14T19:00:00+00:00 | 2019-10-14T21:00:00+00:00 | 2019-10-14T22:00:00+00:00,2019-10-14T19:00:00+00:00 | 2019-10-14T21:00:00+00:00 | 2019-10-14T22:00:00+00:00
7,True,2019-10-15 00:00:00+00:00,2019-10-15 00:00:00+00:00,顶分型,顶分型,8403.0,8403.0,13,13,2019-10-14T22:00:00+00:00 | 2019-10-15T00:00:00+00:00 | 2019-10-15T01:00:00+00:00,2019-10-14T22:00:00+00:00 | 2019-10-15T00:00:00+00:00 | 2019-10-15T01:00:00+00:00
8,True,2019-10-15 04:00:00+00:00,2019-10-15 04:00:00+00:00,底分型,底分型,8302.25,8302.25,17,17,2019-10-15T03:00:00+00:00 | 2019-10-15T04:00:00+00:00 | 2019-10-15T06:00:00+00:00,2019-10-15T03:00:00+00:00 | 2019-10-15T04:00:00+00:00 | 2019-10-15T06:00:00+00:00
9,True,2019-10-15 06:00:00+00:00,2019-10-15 06:00:00+00:00,顶分型,顶分型,8340.84,8340.84,18,18,2019-10-15T04:00:00+00:00 | 2019-10-15T06:00:00+00:00 | 2019-10-15T07:00:00+00:00,2019-10-15T04:00:00+00:00 | 2019-10-15T06:00:00+00:00 | 2019-10-15T07:00:00+00:00
10,True,2019-10-15 08:00:00+00:00,2019-10-15 08:00:00+00:00,底分型,底分型,8258.4,8258.4,20,20,2019-10-15T07:00:00+00:00 | 2019-10-15T08:00:00+00:00 | 2019-10-15T10:00:00+00:00,2019-10-15T07:00:00+00:00 | 2019-10-15T08:00:00+00:00 | 2019-10-15T10:00:00+00:00
11,True,2019-10-15 12:00:00+00:00,2019-10-15 12:00:00+00:00,顶分型,顶分型,8323.23,8323.23,22,22,2019-10-15T10:00:00+00:00 | 2019-10-15T12:00:00+00:00 | 2019-10-15T16:00:00+00:00,2019-10-15T10:00:00+00:00 | 2019-10-15T12:00:00+00:00 | 2019-10-15T16:00:00+00:00
12,True,2019-10-15 16:00:00+00:00,2019-10-15 16:00:00+00:00,底分型,底分型,8090.0,8090.0,23,23,2019-10-15T12:00:00+00:00 | 2019-10-15T16:00:00+00:00 | 2019-10-15T23:00:00+00:00,2019-10-15T12:00:00+00:00 | 2019-10-15T16:00:00+00:00 | 2019-10-15T23:00:00+00:00
13,True,2019-10-15 23:00:00+00:00,2019-10-15 23:00:00+00:00,顶分型,顶分型,8182.77,8182.77,24,24,2019-10-15T16:00:00+00:00 | 2019-10-15T23:00:00+00:00 | 2019-10-16T02:00:00+00:00,2019-10-15T16:00:00+00:00 | 2019-10-15T23:00:00+00:00 | 2019-10-16T02:00:00+00:00
14,True,2019-10-16 03:00:00+00:00,2019-10-16 03:00:00+00:00,底分型,底分型,8145.5,8145.5,26,26,2019-10-16T02:00:00+00:00 | 2019-10-16T03:00:00+00:00 | 2019-10-16T06:00:00+00:00,2019-10-16T02:00:00+00:00 | 2019-10-16T03:00:00+00:00 | 2019-10-16T06:00:00+00:00
15,True,2019-10-16 06:00:00+00:00,2019-10-16 06:00:00+00:00,顶分型,顶分型,8177.27,8177.27,27,27,2019-10-16T03:00:00+00:00 | 2019-10-16T06:00:00+00:00 | 2019-10-16T07:00:00+00:00,2019-10-16T03:00:00+00:00 | 2019-10-16T06:00:00+00:00 | 2019-10-16T07:00:00+00:00
16,True,2019-10-16 09:00:00+00:00,2019-10-16 09:00:00+00:00,底分型,底分型,8100.0,8100.0,29,29,2019-10-16T07:00:00+00:00 | 2019-10-16T09:00:00+00:00 | 2019-10-16T10:00:00+00:00,2019-10-16T07:00:00+00:00 | 2019-10-16T09:00:00+00:00 | 2019-10-16T10:00:00+00:00
17,True,2019-10-16 10:00:00+00:00,2019-10-16 10:00:00+00:00,顶分型,顶分型,8162.0,8162.0,30,30,2019-10-16T09:00:00+00:00 | 2019-10-16T10:00:00+00:00 | 2019-10-16T11:00:00+00:00,2019-10-16T09:00:00+00:00 | 2019-10-16T10:00:00+00:00 | 2019-10-16T11:00:00+00:00
18,True,2019-10-16 16:00:00+00:00,2019-10-16 16:00:00+00:00,底分型,底分型,7917.0,7917.0,32,32,2019-10-16T11:00:00+00:00 | 2019-10-16T16:00:00+00:00 | 2019-10-16T20:00:00+00:00,2019-10-16T11:00:00+00:00 | 2019-10-16T16:00:00+00:00 | 2019-10-16T20:00:00+00:00
19,True,2019-10-16 23:00:00+00:00,2019-10-16 23:00:00+00:00,顶分型,顶分型,8023.0,8023.0,36,36,2019-10-16T22:00:00+00:00 | 2019-10-16T23:00:00+00:00 | 2019-10-17T00:00:00+00:00,2019-10-16T22:00:00+00:00 | 2019-10-16T23:00:00+00:00 | 2019-10-17T00:00:00+00:00
20,True,2019-10-17 00:00:00+00:00,2019-10-17 00:00:00+00:00,底分型,底分型,7952.63,7952.63,37,37,2019-10-16T23:00:00+00:00 | 2019-10-17T00:00:00+00:00 | 2019-10-17T02:00:00+00:00,2019-10-16T23:00:00+00:00 | 2019-10-17T00:00:00+00:00 | 2019-10-17T02:00:00+00:00
21,True,2019-10-17 02:00:00+00:00,2019-10-17 02:00:00+00:00,顶分型,顶分型,7989.86,7989.86,38,38,2019-10-17T00:00:00+00:00 | 2019-10-17T02:00:00+00:00 | 2019-10-17T04:00:00+00:00,2019-10-17T00:00:00+00:00 | 2019-10-17T02:00:00+00:00 | 2019-10-17T04:00:00+00:00
22,True,2019-10-17 04:00:00+00:00,2019-10-17 04:00:00+00:00,底分型,底分型,7929.03,7929.03,39,39,2019-10-17T02:00:00+00:00 | 2019-10-17T04:00:00+00:00 | 2019-10-17T05:00:00+00:00,2019-10-17T02:00:00+00:00 | 2019-10-17T04:00:00+00:00 | 2019-10-17T05:00:00+00:00
23,True,2019-10-17 11:00:00+00:00,2019-10-17 11:00:00+00:00,顶分型,顶分型,8118.86,8118.86,44,44,2019-10-17T10:00:00+00:00 | 2019-10-17T11:00:00+00:00 | 2019-10-17T12:00:00+00:00,2019-10-17T10:00:00+00:00 | 2019-10-17T11:00:00+00:00 | 2019-10-17T12:00:00+00:00
24,True,2019-10-17 12:00:00+00:00,2019-10-17 12:00:00+00:00,底分型,底分型,8016.01,8016.01,45,45,2019-10-17T11:00:00+00:00 | 2019-10-17T12:00:00+00:00 | 2019-10-17T13:00:00+00:00,2019-10-17T11:00:00+00:00 | 2019-10-17T12:00:00+00:00 | 2019-10-17T13:00:00+00:00
25,True,2019-10-17 13:00:00+00:00,2019-10-17 13:00:00+00:00,顶分型,顶分型,8078.93,8078.93,46,46,2019-10-17T12:00:00+00:00 | 2019-10-17T13:00:00+00:00 | 2019-10-17T14:00:00+00:00,2019-10-17T12:00:00+00:00 | 2019-10-17T13:00:00+00:00 | 2019-10-17T14:00:00+00:00
26,True,2019-10-17 14:00:00+00:00,2019-10-17 14:00:00+00:00,底分型,底分型,8030.49,8030.49,47,47,2019-10-17T13:00:00+00:00 | 2019-10-17T14:00:00+00:00 | 2019-10-17T15:00:00+00:00,2019-10-17T13:00:00+00:00 | 2019-10-17T14:00:00+00:00 | 2019-10-17T15:00:00+00:00
27,True,2019-10-17 16:00:00+00:00,2019-10-17 16:00:00+00:00,顶分型,顶分型,8124.92,8124.92,49,49,2019-10-17T15:00:00+00:00 | 2019-10-17T16:00:00+00:00 | 2019-10-17T19:00:00+00:00,2019-10-17T15:00:00+00:00 | 2019-10-17T16:00:00+00:00 | 2019-10-17T19:00:00+00:00
28,True,2019-10-17 20:00:00+00:00,2019-10-17 20:00:00+00:00,底分型,底分型,8032.54,8032.54,51,51,2019-10-17T19:00:00+00:00 | 2019-10-17T20:00:00+00:00 | 2019-10-17T21:00:00+00:00,2019-10-17T19:00:00+00:00 | 2019-10-17T20:00:00+00:00 | 2019-10-17T21:00:00+00:00
29,True,2019-10-18 02:00:00+00:00,2019-10-18 02:00:00+00:00,顶分型,顶分型,8115.0,8115.0,57,57,2019-10-18T01:00:00+00:00 | 2019-10-18T02:00:00+00:00 | 2019-10-18T03:00:00+00:00,2019-10-18T01:00:00+00:00 | 2019-10-18T02:00:00+00:00 | 2019-10-18T03:00:00+00:00
30,True,2019-10-18 08:00:00+00:00,2019-10-18 08:00:00+00:00,底分型,底分型,7816.01,7816.01,61,61,2019-10-18T05:00:00+00:00 | 2019-10-18T08:00:00+00:00 | 2019-10-18T09:00:00+00:00,2019-10-18T05:00:00+00:00 | 2019-10-18T08:00:00+00:00 | 2019-10-18T09:00:00+00:00
31,True,2019-10-18 12:00:00+00:00,2019-10-18 12:00:00+00:00,顶分型,顶分型,7975.0,7975.0,64,64,2019-10-18T11:00:00+00:00 | 2019-10-18T12:00:00+00:00 | 2019-10-18T13:00:00+00:00,2019-10-18T11:00:00+00:00 | 2019-10-18T12:00:00+00:00 | 2019-10-18T13:00:00+00:00
32,True,2019-10-18 14:00:00+00:00,2019-10-18 14:00:00+00:00,底分型,底分型,7884.01,7884.01,66,66,2019-10-18T13:00:00+00:00 | 2019-10-18T14:00:00+00:00 | 2019-10-18T15:00:00+00:00,2019-10-18T13:00:00+00:00 | 2019-10-18T14:00:00+00:00 | 2019-10-18T15:00:00+00:00
33,True,2019-10-18 16:00:00+00:00,2019-10-18 16:00:00+00:00,顶分型,顶分型,7952.25,7952.25,68,68,2019-10-18T15:00:00+00:00 | 2019-10-18T16:00:00+00:00 | 2019-10-18T17:00:00+00:00,2019-10-18T15:00:00+00:00 | 2019-10-18T16:00:00+00:00 | 2019-10-18T17:00:00+00:00
34,True,2019-10-18 17:00:00+00:00,2019-10-18 17:00:00+00:00,底分型,底分型,7905.0,7905.0,69,69,2019-10-18T16:00:00+00:00 | 2019-10-18T17:00:00+00:00 | 2019-10-18T18:00:00+00:00,2019-10-18T16:00:00+00:00 | 2019-10-18T17:00:00+00:00 | 2019-10-18T18:00:00+00:00
35,True,2019-10-18 18:00:00+00:00,2019-10-18 18:00:00+00:00,顶分型,顶分型,7983.32,7983.32,70,70,2019-10-18T17:00:00+00:00 | 2019-10-18T18:00:00+00:00 | 2019-10-18T19:00:00+00:00,2019-10-18T17:00:00+00:00 | 2019-10-18T18:00:00+00:00 | 2019-10-18T19:00:00+00:00
36,True,2019-10-18 20:00:00+00:00,2019-10-18 20:00:00+00:00,底分型,底分型,7915.02,7915.02,72,72,2019-10-18T19:00:00+00:00 | 2019-10-18T20:00:00+00:00 | 2019-10-18T22:00:00+00:00,2019-10-18T19:00:00+00:00 | 2019-10-18T20:00:00+00:00 | 2019-10-18T22:00:00+00:00
37,True,2019-10-18 22:00:00+00:00,2019-10-18 22:00:00+00:00,顶分型,顶分型,7978.0,7978.0,73,73,2019-10-18T20:00:00+00:00 | 2019-10-18T22:00:00+00:00 | 2019-10-19T01:00:00+00:00,2019-10-18T20:00:00+00:00 | 2019-10-18T22:00:00+00:00 | 2019-10-19T01:00:00+00:00
38,True,2019-10-19 02:00:00+00:00,2019-10-19 02:00:00+00:00,底分型,底分型,7892.0,7892.0,75,75,2019-10-19T01:00:00+00:00 | 2019-10-19T02:00:00+00:00 | 2019-10-19T03:00:00+00:00,2019-10-19T01:00:00+00:00 | 2019-10-19T02:00:00+00:00 | 2019-10-19T03:00:00+00:00
39,True,2019-10-19 03:00:00+00:00,2019-10-19 03:00:00+00:00,顶分型,顶分型,7957.99,7957.99,76,76,2019-10-19T02:00:00+00:00 | 2019-10-19T03:00:00+00:00 | 2019-10-19T05:00:00+00:00,2019-10-19T02:00:00+00:00 | 2019-10-19T03:00:00+00:00 | 2019-10-19T05:00:00+00:00
40,True,2019-10-19 06:00:00+00:00,2019-10-19 06:00:00+00:00,底分型,底分型,7913.16,7913.16,78,78,2019-10-19T05:00:00+00:00 | 2019-10-19T06:00:00+00:00 | 2019-10-19T08:00:00+00:00,2019-10-19T05:00:00+00:00 | 2019-10-19T06:00:00+00:00 | 2019-10-19T08:00:00+00:00
41,True,2019-10-19 08:00:00+00:00,2019-10-19 08:00:00+00:00,顶分型,顶分型,7998.9,7998.9,79,79,2019-10-19T06:00:00+00:00 | 2019-10-19T08:00:00+00:00 | 2019-10-19T10:00:00+00:00,2019-10-19T06:00:00+00:00 | 2019-10-19T08:00:00+00:00 | 2019-10-19T10:00:00+00:00
42,True,2019-10-19 10:00:00+00:00,2019-10-19 10:00:00+00:00,底分型,底分型,7920.0,7920.0,80,80,2019-10-19T08:00:00+00:00 | 2019-10-19T10:00:00+00:00 | 2019-10-19T12:00:00+00:00,2019-10-19T08:00:00+00:00 | 2019-10-19T10:00:00+00:00 | 2019-10-19T12:00:00+00:00
43,True,2019-10-19 12:00:00+00:00,2019-10-19 12:00:00+00:00,顶分型,顶分型,8098.1,8098.1,81,81,2019-10-19T10:00:00+00:00 | 2019-10-19T12:00:00+00:00 | 2019-10-19T14:00:00+00:00,2019-10-19T10:00:00+00:00 | 2019-10-19T12:00:00+00:00 | 2019-10-19T14:00:00+00:00
44,True,2019-10-19 16:00:00+00:00,2019-10-19 16:00:00+00:00,底分型,底分型,7937.69,7937.69,84,84,2019-10-19T15:00:00+00:00 | 2019-10-19T16:00:00+00:00 | 2019-10-19T17:00:00+00:00,2019-10-19T15:00:00+00:00 | 2019-10-19T16:00:00+00:00 | 2019-10-19T17:00:00+00:00
45,True,2019-10-19 17:00:00+00:00,2019-10-19 17:00:00+00:00,顶分型,顶分型,7999.38,7999.38,85,85,2019-10-19T16:00:00+00:00 | 2019-10-19T17:00:00+00:00 | 2019-10-19T19:00:00+00:00,2019-10-19T16:00:00+00:00 | 2019-10-19T17:00:00+00:00 | 2019-10-19T19:00:00+00:00
46,True,2019-10-19 21:00:00+00:00,2019-10-19 21:00:00+00:00,底分型,底分型,7891.76,7891.76,88,88,2019-10-19T20:00:00+00:00 | 2019-10-19T21:00:00+00:00 | 2019-10-19T23:00:00+00:00,2019-10-19T20:00:00+00:00 | 2019-10-19T21:00:00+00:00 | 2019-10-19T23:00:00+00:00
47,True,2019-10-19 23:00:00+00:00,2019-10-19 23:00:00+00:00,顶分型,顶分型,7954.99,7954.99,89,89,2019-10-19T21:00:00+00:00 | 2019-10-19T23:00:00+00:00 | 2019-10-20T00:00:00+00:00,2019-10-19T21:00:00+00:00 | 2019-10-19T23:00:00+00:00 | 2019-10-20T00:00:00+00:00
48,True,2019-10-20 02:00:00+00:00,2019-10-20 02:00:00+00:00,底分型,底分型,7870.0,7870.0,92,92,2019-10-20T01:00:00+00:00 | 2019-10-20T02:00:00+00:00 | 2019-10-20T06:00:00+00:00,2019-10-20T01:00:00+00:00 | 2019-10-20T02:00:00+00:00 | 2019-10-20T06:00:00+00:00
49,True,2019-10-20 06:00:00+00:00,2019-10-20 06:00:00+00:00,顶分型,顶分型,7940.47,7940.47,93,93,2019-10-20T02:00:00+00:00 | 2019-10-20T06:00:00+00:00 | 2019-10-20T07:00:00+00:00,2019-10-20T02:00:00+00:00 | 2019-10-20T06:00:00+00:00 | 2019-10-20T07:00:00+00:00
50,True,2019-10-20 08:00:00+00:00,2019-10-20 08:00:00+00:00,底分型,底分型,7883.0,7883.0,95,95,2019-10-20T07:00:00+00:00 | 2019-10-20T08:00:00+00:00 | 2019-10-20T09:00:00+00:00,2019-10-20T07:00:00+00:00 | 2019-10-20T08:00:00+00:00 | 2019-10-20T09:00:00+00:00
51,True,2019-10-20 20:00:00+00:00,2019-10-20 20:00:00+00:00,顶分型,顶分型,8297.0,8297.0,104,104,2019-10-20T19:00:00+00:00 | 2019-10-20T20:00:00+00:00 | 2019-10-20T21:00:00+00:00,2019-10-20T19:00:00+00:00 | 2019-10-20T20:00:00+00:00 | 2019-10-20T21:00:00+00:00
52,True,2019-10-20 23:00:00+00:00,2019-10-20 23:00:00+00:00,底分型,底分型,8165.36,8165.36,106,106,2019-10-20T21:00:00+00:00 | 2019-10-20T23:00:00+00:00 | 2019-10-21T00:00:00+00:00,2019-10-20T21:00:00+00:00 | 2019-10-20T23:00:00+00:00 | 2019-10-21T00:00:00+00:00
53,True,2019-10-21 00:00:00+00:00,2019-10-21 00:00:00+00:00,顶分型,顶分型,8235.0,8235.0,107,107,2019-10-20T23:00:00+00:00 | 2019-10-21T00:00:00+00:00 | 2019-10-21T01:00:00+00:00,2019-10-20T23:00:00+00:00 | 2019-10-21T00:00:00+00:00 | 2019-10-21T01:00:00+00:00
54,True,2019-10-21 01:00:00+00:00,2019-10-21 01:00:00+00:00,底分型,底分型,8183.0,8183.0,108,108,2019-10-21T00:00:00+00:00 | 2019-10-21T01:00:00+00:00 | 2019-10-21T02:00:00+00:00,2019-10-21T00:00:00+00:00 | 2019-10-21T01:00:00+00:00 | 2019-10-21T02:00:00+00:00
55,True,2019-10-21 02:00:00+00:00,2019-10-21 02:00:00+00:00,顶分型,顶分型,8251.41,8251.41,109,109,2019-10-21T01:00:00+00:00 | 2019-10-21T02:00:00+00:00 | 2019-10-21T04:00:00+00:00,2019-10-21T01:00:00+00:00 | 2019-10-21T02:00:00+00:00 | 2019-10-21T04:00:00+00:00
56,True,2019-10-21 04:00:00+00:00,2019-10-21 04:00:00+00:00,底分型,底分型,8201.63,8201.63,110,110,2019-10-21T02:00:00+00:00 | 2019-10-21T04:00:00+00:00 | 2019-10-21T05:00:00+00:00,2019-10-21T02:00:00+00:00 | 2019-10-21T04:00:00+00:00 | 2019-10-21T05:00:00+00:00
57,True,2019-10-21 06:00:00+00:00,2019-10-21 06:00:00+00:00,顶分型,顶分型,8249.18,8249.18,112,112,2019-10-21T05:00:00+00:00 | 2019-10-21T06:00:00+00:00 | 2019-10-21T07:00:00+00:00,2019-10-21T05:00:00+00:00 | 2019-10-21T06:00:00+00:00 | 2019-10-21T07:00:00+00:00
58,True,2019-10-21 09:00:00+00:00,2019-10-21 09:00:00+00:00,底分型,底分型,8189.89,8189.89,115,115,2019-10-21T08:00:00+00:00 | 2019-10-21T09:00:00+00:00 | 2019-10-21T10:00:00+00:00,2019-10-21T08:00:00+00:00 | 2019-10-21T09:00:00+00:00 | 2019-10-21T10:00:00+00:00
59,True,2019-10-21 10:00:00+00:00,2019-10-21 10:00:00+00:00,顶分型,顶分型,8286.28,8286.28,116,116,2019-10-21T09:00:00+00:00 | 2019-10-21T10:00:00+00:00 | 2019-10-21T13:00:00+00:00,2019-10-21T09:00:00+00:00 | 2019-10-21T10:00:00+00:00 | 2019-10-21T13:00:00+00:00
60,True,2019-10-21 13:00:00+00:00,2019-10-21 13:00:00+00:00,底分型,底分型,8219.87,8219.87,117,117,2019-10-21T10:00:00+00:00 | 2019-10-21T13:00:00+00:00 | 2019-10-21T15:00:00+00:00,2019-10-21T10:00:00+00:00 | 2019-10-21T13:00:00+00:00 | 2019-10-21T15:00:00+00:00
61,True,2019-10-21 15:00:00+00:00,2019-10-21 15:00:00+00:00,顶分型,顶分型,8333.0,8333.0,118,118,2019-10-21T13:00:00+00:00 | 2019-10-21T15:00:00+00:00 | 2019-10-21T16:00:00+00:00,2019-10-21T13:00:00+00:00 | 2019-10-21T15:00:00+00:00 | 2019-10-21T16:00:00+00:00
62,True,2019-10-21 16:00:00+00:00,2019-10-21 16:00:00+00:00,底分型,底分型,8142.03,8142.03,119,119,2019-10-21T15:00:00+00:00 | 2019-10-21T16:00:00+00:00 | 2019-10-21T18:00:00+00:00,2019-10-21T15:00:00+00:00 | 2019-10-21T16:00:00+00:00 | 2019-10-21T18:00:00+00:00
63,True,2019-10-21 21:00:00+00:00,2019-10-21 21:00:00+00:00,顶分型,顶分型,8229.88,8229.88,122,122,2019-10-21T20:00:00+00:00 | 2019-10-21T21:00:00+00:00 | 2019-10-21T22:00:00+00:00,2019-10-21T20:00:00+00:00 | 2019-10-21T21:00:00+00:00 | 2019-10-21T22:00:00+00:00
64,True,2019-10-22 01:00:00+00:00,2019-10-22 01:00:00+00:00,底分型,底分型,8159.96,8159.96,126,126,2019-10-22T00:00:00+00:00 | 2019-10-22T01:00:00+00:00 | 2019-10-22T03:00:00+00:00,2019-10-22T00:00:00+00:00 | 2019-10-22T01:00:00+00:00 | 2019-10-22T03:00:00+00:00
65,True,2019-10-22 05:00:00+00:00,2019-10-22 05:00:00+00:00,顶分型,顶分型,8218.55,8218.55,129,129,2019-10-22T04:00:00+00:00 | 2019-10-22T05:00:00+00:00 | 2019-10-22T06:00:00+00:00,2019-10-22T04:00:00+00:00 | 2019-10-22T05:00:00+00:00 | 2019-10-22T06:00:00+00:00
66,True,2019-10-22 06:00:00+00:00,2019-10-22 06:00:00+00:00,底分型,底分型,8187.49,8187.49,130,130,2019-10-22T05:00:00+00:00 | 2019-10-22T06:00:00+00:00 | 2019-10-22T07:00:00+00:00,2019-10-22T05:00:00+00:00 | 2019-10-22T06:00:00+00:00 | 2019-10-22T07:00:00+00:00
67,True,2019-10-22 12:00:00+00:00,2019-10-22 12:00:00+00:00,顶分型,顶分型,8297.99,8297.99,133,133,2019-10-22T08:00:00+00:00 | 2019-10-22T12:00:00+00:00 | 2019-10-22T13:00:00+00:00,2019-10-22T08:00:00+00:00 | 2019-10-22T12:00:00+00:00 | 2019-10-22T13:00:00+00:00
68,True,2019-10-22 15:00:00+00:00,2019-10-22 15:00:00+00:00,底分型,底分型,8165.0,8165.0,136,136,2019-10-22T14:00:00+00:00 | 2019-10-22T15:00:00+00:00 | 2019-10-22T16:00:00+00:00,2019-10-22T14:00:00+00:00 | 2019-10-22T15:00:00+00:00 | 2019-10-22T16:00:00+00:00
69,True,2019-10-22 16:00:00+00:00,2019-10-22 16:00:00+00:00,顶分型,顶分型,8223.24,8223.24,137,137,2019-10-22T15:00:00+00:00 | 2019-10-22T16:00:00+00:00 | 2019-10-22T18:00:00+00:00,2019-10-22T15:00:00+00:00 | 2019-10-22T16:00:00+00:00 | 2019-10-22T18:00:00+00:00
70,True,2019-10-23 00:00:00+00:00,2019-10-23 00:00:00+00:00,底分型,底分型,8000.0,8000.0,141,141,2019-10-22T20:00:00+00:00 | 2019-10-23T00:00:00+00:00 | 2019-10-23T01:00:00+00:00,2019-10-22T20:00:00+00:00 | 2019-10-23T00:00:00+00:00 | 2019-10-23T01:00:00+00:00
71,True,2019-10-23 01:00:00+00:00,2019-10-23 01:00:00+00:00,顶分型,顶分型,8047.59,8047.59,142,142,2019-10-23T00:00:00+00:00 | 2019-10-23T01:00:00+00:00 | 2019-10-23T02:00:00+00:00,2019-10-23T00:00:00+00:00 | 2019-10-23T01:00:00+00:00 | 2019-10-23T02:00:00+00:00
72,True,2019-10-23 05:00:00+00:00,2019-10-23 05:00:00+00:00,底分型,底分型,7920.0,7920.0,145,145,2019-10-23T04:00:00+00:00 | 2019-10-23T05:00:00+00:00 | 2019-10-23T06:00:00+00:00,2019-10-23T04:00:00+00:00 | 2019-10-23T05:00:00+00:00 | 2019-10-23T06:00:00+00:00
73,True,2019-10-23 10:00:00+00:00,2019-10-23 10:00:00+00:00,顶分型,顶分型,8011.96,8011.96,150,150,2019-10-23T09:00:00+00:00 | 2019-10-23T10:00:00+00:00 | 2019-10-23T11:00:00+00:00,2019-10-23T09:00:00+00:00 | 2019-10-23T10:00:00+00:00 | 2019-10-23T11:00:00+00:00
74,True,2019-10-23 16:00:00+00:00,2019-10-23 16:00:00+00:00,底分型,底分型,7300.0,7300.0,153,153,2019-10-23T12:00:00+00:00 | 2019-10-23T16:00:00+00:00 | 2019-10-23T17:00:00+00:00,2019-10-23T12:00:00+00:00 | 2019-10-23T16:00:00+00:00 | 2019-10-23T17:00:00+00:00
75,True,2019-10-23 18:00:00+00:00,2019-10-23 18:00:00+00:00,顶分型,顶分型,7535.55,7535.55,155,155,2019-10-23T17:00:00+00:00 | 2019-10-23T18:00:00+00:00 | 2019-10-23T19:00:00+00:00,2019-10-23T17:00:00+00:00 | 2019-10-23T18:00:00+00:00 | 2019-10-23T19:00:00+00:00
76,True,2019-10-23 22:00:00+00:00,2019-10-23 22:00:00+00:00,底分型,底分型,7386.37,7386.37,159,159,2019-10-23T21:00:00+00:00 | 2019-10-23T22:00:00+00:00 | 2019-10-23T23:00:00+00:00,2019-10-23T21:00:00+00:00 | 2019-10-23T22:00:00+00:00 | 2019-10-23T23:00:00+00:00
77,True,2019-10-24 00:00:00+00:00,2019-10-24 00:00:00+00:00,顶分型,顶分型,7497.96,7497.96,161,161,2019-10-23T23:00:00+00:00 | 2019-10-24T00:00:00+00:00 | 2019-10-24T01:00:00+00:00,2019-10-23T23:00:00+00:00 | 2019-10-24T00:00:00+00:00 | 2019-10-24T01:00:00+00:00
78,True,2019-10-24 06:00:00+00:00,2019-10-24 06:00:00+00:00,底分型,底分型,7337.99,7337.99,165,165,2019-10-24T04:00:00+00:00 | 2019-10-24T06:00:00+00:00 | 2019-10-24T07:00:00+00:00,2019-10-24T04:00:00+00:00 | 2019-10-24T06:00:00+00:00 | 2019-10-24T07:00:00+00:00
79,True,2019-10-24 09:00:00+00:00,2019-10-24 09:00:00+00:00,顶分型,顶分型,7478.0,7478.0,168,168,2019-10-24T08:00:00+00:00 | 2019-10-24T09:00:00+00:00 | 2019-10-24T10:00:00+00:00,2019-10-24T08:00:00+00:00 | 2019-10-24T09:00:00+00:00 | 2019-10-24T10:00:00+00:00
80,True,2019-10-24 11:00:00+00:00,2019-10-24 11:00:00+00:00,底分型,底分型,7413.0,7413.0,170,170,2019-10-24T10:00:00+00:00 | 2019-10-24T11:00:00+00:00 | 2019-10-24T12:00:00+00:00,2019-10-24T10:00:00+00:00 | 2019-10-24T11:00:00+00:00 | 2019-10-24T12:00:00+00:00
81,True,2019-10-24 14:00:00+00:00,2019-10-24 14:00:00+00:00,顶分型,顶分型,7503.68,7503.68,173,173,2019-10-24T13:00:00+00:00 | 2019-10-24T14:00:00+00:00 | 2019-10-24T15:00:00+00:00,2019-10-24T13:00:00+00:00 | 2019-10-24T14:00:00+00:00 | 2019-10-24T15:00:00+00:00
82,True,2019-10-24 15:00:00+00:00,2019-10-24 15:00:00+00:00,底分型,底分型,7413.43,7413.43,174,174,2019-10-24T14:00:00+00:00 | 2019-10-24T15:00:00+00:00 | 2019-10-24T18:00:00+00:00,2019-10-24T14:00:00+00:00 | 2019-10-24T15:00:00+00:00 | 2019-10-24T18:00:00+00:00
83,True,2019-10-24 19:00:00+00:00,2019-10-24 19:00:00+00:00,顶分型,顶分型,7479.0,7479.0,176,176,2019-10-24T18:00:00+00:00 | 2019-10-24T19:00:00+00:00 | 2019-10-24T21:00:00+00:00,2019-10-24T18:00:00+00:00 | 2019-10-24T19:00:00+00:00 | 2019-10-24T21:00:00+00:00
84,True,2019-10-24 21:00:00+00:00,2019-10-24 21:00:00+00:00,底分型,底分型,7429.41,7429.41,177,177,2019-10-24T19:00:00+00:00 | 2019-10-24T21:00:00+00:00 | 2019-10-24T23:00:00+00:00,2019-10-24T19:00:00+00:00 | 2019-10-24T21:00:00+00:00 | 2019-10-24T23:00:00+00:00
85,True,2019-10-24 23:00:00+00:00,2019-10-24 23:00:00+00:00,顶分型,顶分型,7465.75,7465.75,178,178,2019-10-24T21:00:00+00:00 | 2019-10-24T23:00:00+00:00 | 2019-10-25T00:00:00+00:00,2019-10-24T21:00:00+00:00 | 2019-10-24T23:00:00+00:00 | 2019-10-25T00:00:00+00:00
86,True,2019-10-25 00:00:00+00:00,2019-10-25 00:00:00+00:00,底分型,底分型,7411.94,7411.94,179,179,2019-10-24T23:00:00+00:00 | 2019-10-25T00:00:00+00:00 | 2019-10-25T01:00:00+00:00,2019-10-24T23:00:00+00:00 | 2019-10-25T00:00:00+00:00 | 2019-10-25T01:00:00+00:00
87,True,2019-10-25 02:00:00+00:00,2019-10-25 02:00:00+00:00,顶分型,顶分型,7459.29,7459.29,181,181,2019-10-25T01:00:00+00:00 | 2019-10-25T02:00:00+00:00 | 2019-10-25T05:00:00+00:00,2019-10-25T01:00:00+00:00 | 2019-10-25T02:00:00+00:00 | 2019-10-25T05:00:00+00:00
88,True,2019-10-25 05:00:00+00:00,2019-10-25 05:00:00+00:00,底分型,底分型,7361.0,7361.0,182,182,2019-10-25T02:00:00+00:00 | 2019-10-25T05:00:00+00:00 | 2019-10-25T06:00:00+00:00,2019-10-25T02:00:00+00:00 | 2019-10-25T05:00:00+00:00 | 2019-10-25T06:00:00+00:00
89,True,2019-10-25 08:00:00+00:00,2019-10-25 08:00:00+00:00,顶分型,顶分型,7475.0,7475.0,185,185,2019-10-25T07:00:00+00:00 | 2019-10-25T08:00:00+00:00 | 2019-10-25T10:00:00+00:00,2019-10-25T07:00:00+00:00 | 2019-10-25T08:00:00+00:00 | 2019-10-25T10:00:00+00:00
90,True,2019-10-25 10:00:00+00:00,2019-10-25 10:00:00+00:00,底分型,底分型,7439.0,7439.0,186,186,2019-10-25T08:00:00+00:00 | 2019-10-25T10:00:00+00:00 | 2019-10-25T11:00:00+00:00,2019-10-25T08:00:00+00:00 | 2019-10-25T10:00:00+00:00 | 2019-10-25T11:00:00+00:00
91,True,2019-10-25 17:00:00+00:00,2019-10-25 17:00:00+00:00,顶分型,顶分型,8799.0,8799.0,193,193,2019-10-25T16:00:00+00:00 | 2019-10-25T17:00:00+00:00 | 2019-10-25T20:00:00+00:00,2019-10-25T16:00:00+00:00 | 2019-10-25T17:00:00+00:00 | 2019-10-25T20:00:00+00:00
92,True,2019-10-25 20:00:00+00:00,2019-10-25 20:00:00+00:00,底分型,底分型,8535.0,8535.0,194,194,2019-10-25T17:00:00+00:00 | 2019-10-25T20:00:00+00:00 | 2019-10-26T00:00:00+00:00,2019-10-25T17:00:00+00:00 | 2019-10-25T20:00:00+00:00 | 2019-10-26T00:00:00+00:00
93,True,2019-10-26 01:00:00+00:00,2019-10-26 01:00:00+00:00,顶分型,顶分型,10370.0,10370.0,196,196,2019-10-26T00:00:00+00:00 | 2019-10-26T01:00:00+00:00 | 2019-10-26T03:00:00+00:00,2019-10-26T00:00:00+00:00 | 2019-10-26T01:00:00+00:00 | 2019-10-26T03:00:00+00:00
94,True,2019-10-26 03:00:00+00:00,2019-10-26 03:00:00+00:00,底分型,底分型,9415.0,9415.0,197,197,2019-10-26T01:00:00+00:00 | 2019-10-26T03:00:00+00:00 | 2019-10-26T05:00:00+00:00,2019-10-26T01:00:00+00:00 | 2019-10-26T03:00:00+00:00 | 2019-10-26T05:00:00+00:00
95,True,2019-10-26 05:00:00+00:00,2019-10-26 05:00:00+00:00,顶分型,顶分型,9777.0,9777.0,198,198,2019-10-26T03:00:00+00:00 | 2019-10-26T05:00:00+00:00 | 2019-10-26T06:00:00+00:00,2019-10-26T03:00:00+00:00 | 2019-10-26T05:00:00+00:00 | 2019-10-26T06:00:00+00:00
96,True,2019-10-26 09:00:00+00:00,2019-10-26 09:00:00+00:00,底分型,底分型,8970.0,8970.0,201,201,2019-10-26T07:00:00+00:00 | 2019-10-26T09:00:00+00:00 | 2019-10-26T12:00:00+00:00,2019-10-26T07:00:00+00:00 | 2019-10-26T09:00:00+00:00 | 2019-10-26T12:00:00+00:00
97,True,2019-10-26 12:00:00+00:00,2019-10-26 12:00:00+00:00,顶分型,顶分型,9444.44,9444.44,202,202,2019-10-26T09:00:00+00:00 | 2019-10-26T12:00:00+00:00 | 2019-10-26T13:00:00+00:00,2019-10-26T09:00:00+00:00 | 2019-10-26T12:00:00+00:00 | 2019-10-26T13:00:00+00:00
98,True,2019-10-26 14:00:00+00:00,2019-10-26 14:00:00+00:00,底分型,底分型,9051.0,9051.0,204,204,2019-10-26T13:00:00+00:00 | 2019-10-26T14:00:00+00:00 | 2019-10-26T15:00:00+00:00,2019-10-26T13:00:00+00:00 | 2019-10-26T14:00:00+00:00 | 2019-10-26T15:00:00+00:00
99,True,2019-10-26 15:00:00+00:00,2019-10-26 15:00:00+00:00,顶分型,顶分型,9297.76,9297.76,205,205,2019-10-26T14:00:00+00:00 | 2019-10-26T15:00:00+00:00 | 2019-10-26T16:00:00+00:00,2019-10-26T14:00:00+00:00 | 2019-10-26T15:00:00+00:00 | 2019-10-26T16:00:00+00:00
100,True,2019-10-26 18:00:00+00:00,2019-10-26 18:00:00+00:00,底分型,底分型,8855.5,8855.5,207,207,2019-10-26T16:00:00+00:00 | 2019-10-26T18:00:00+00:00 | 2019-10-26T19:00:00+00:00,2019-10-26T16:00:00+00:00 | 2019-10-26T18:00:00+00:00 | 2019-10-26T19:00:00+00:00
101,True,2019-10-27 00:00:00+00:00,2019-10-27 00:00:00+00:00,顶分型,顶分型,9369.8,9369.8,211,211,2019-10-26T23:00:00+00:00 | 2019-10-27T00:00:00+00:00 | 2019-10-27T01:00:00+00:00,2019-10-26T23:00:00+00:00 | 2019-10-27T00:00:00+00:00 | 2019-10-27T01:00:00+00:00
102,True,2019-10-27 01:00:00+00:00,2019-10-27 01:00:00+00:00,底分型,底分型,9096.0,9096.0,212,212,2019-10-27T00:00:00+00:00 | 2019-10-27T01:00:00+00:00 | 2019-10-27T03:00:00+00:00,2019-10-27T00:00:00+00:00 | 2019-10-27T01:00:00+00:00 | 2019-10-27T03:00:00+00:00
103,True,2019-10-27 03:00:00+00:00,2019-10-27 03:00:00+00:00,顶分型,顶分型,9205.21,9205.21,213,213,2019-10-27T01:00:00+00:00 | 2019-10-27T03:00:00+00:00 | 2019-10-27T04:00:00+00:00,2019-10-27T01:00:00+00:00 | 2019-10-27T03:00:00+00:00 | 2019-10-27T04:00:00+00:00
104,True,2019-10-27 04:00:00+00:00,2019-10-27 04:00:00+00:00,底分型,底分型,9074.34,9074.34,214,214,2019-10-27T03:00:00+00:00 | 2019-10-27T04:00:00+00:00 | 2019-10-27T05:00:00+00:00,2019-10-27T03:00:00+00:00 | 2019-10-27T04:00:00+00:00 | 2019-10-27T05:00:00+00:00
105,True,2019-10-27 11:00:00+00:00,2019-10-27 11:00:00+00:00,顶分型,顶分型,9642.99,9642.99,219,219,2019-10-27T09:00:00+00:00 | 2019-10-27T11:00:00+00:00 | 2019-10-27T12:00:00+00:00,2019-10-27T09:00:00+00:00 | 2019-10-27T11:00:00+00:00 | 2019-10-27T12:00:00+00:00
106,True,2019-10-27 12:00:00+00:00,2019-10-27 12:00:00+00:00,底分型,底分型,9211.19,9211.19,220,220,2019-10-27T11:00:00+00:00 | 2019-10-27T12:00:00+00:00 | 2019-10-27T13:00:00+00:00,2019-10-27T11:00:00+00:00 | 2019-10-27T12:00:00+00:00 | 2019-10-27T13:00:00+00:00
107,True,2019-10-27 19:00:00+00:00,2019-10-27 19:00:00+00:00,顶分型,顶分型,9794.98,9794.98,224,224,2019-10-27T16:00:00+00:00 | 2019-10-27T19:00:00+00:00 | 2019-10-27T20:00:00+00:00,2019-10-27T16:00:00+00:00 | 2019-10-27T19:00:00+00:00 | 2019-10-27T20:00:00+00:00
108,True,2019-10-27 23:00:00+00:00,2019-10-27 23:00:00+00:00,底分型,底分型,9420.0,9420.0,227,227,2019-10-27T21:00:00+00:00 | 2019-10-27T23:00:00+00:00 | 2019-10-28T00:00:00+00:00,2019-10-27T21:00:00+00:00 | 2019-10-27T23:00:00+00:00 | 2019-10-28T00:00:00+00:00
109,True,2019-10-28 01:00:00+00:00,2019-10-28 01:00:00+00:00,顶分型,顶分型,9902.1,9902.1,229,229,2019-10-28T00:00:00+00:00 | 2019-10-28T01:00:00+00:00 | 2019-10-28T03:00:00+00:00,2019-10-28T00:00:00+00:00 | 2019-10-28T01:00:00+00:00 | 2019-10-28T03:00:00+00:00
110,True,2019-10-28 04:00:00+00:00,2019-10-28 04:00:00+00:00,底分型,底分型,9525.0,9525.0,231,231,2019-10-28T03:00:00+00:00 | 2019-10-28T04:00:00+00:00 | 2019-10-28T05:00:00+00:00,2019-10-28T03:00:00+00:00 | 2019-10-28T04:00:00+00:00 | 2019-10-28T05:00:00+00:00
111,True,2019-10-28 05:00:00+00:00,2019-10-28 05:00:00+00:00,顶分型,顶分型,9679.26,9679.26,232,232,2019-10-28T04:00:00+00:00 | 2019-10-28T05:00:00+00:00 | 2019-10-28T06:00:00+00:00,2019-10-28T04:00:00+00:00 | 2019-10-28T05:00:00+00:00 | 2019-10-28T06:00:00+00:00
112,True,2019-10-28 08:00:00+00:00,2019-10-28 08:00:00+00:00,底分型,底分型,9265.0,9265.0,234,234,2019-10-28T06:00:00+00:00 | 2019-10-28T08:00:00+00:00 | 2019-10-28T10:00:00+00:00,2019-10-28T06:00:00+00:00 | 2019-10-28T08:00:00+00:00 | 2019-10-28T10:00:00+00:00
113,True,2019-10-28 10:00:00+00:00,2019-10-28 10:00:00+00:00,顶分型,顶分型,9468.75,9468.75,235,235,2019-10-28T08:00:00+00:00 | 2019-10-28T10:00:00+00:00 | 2019-10-28T11:00:00+00:00,2019-10-28T08:00:00+00:00 | 2019-10-28T10:00:00+00:00 | 2019-10-28T11:00:00+00:00
114,True,2019-10-28 12:00:00+00:00,2019-10-28 12:00:00+00:00,底分型,底分型,9254.0,9254.0,237,237,2019-10-28T11:00:00+00:00 | 2019-10-28T12:00:00+00:00 | 2019-10-28T13:00:00+00:00,2019-10-28T11:00:00+00:00 | 2019-10-28T12:00:00+00:00 | 2019-10-28T13:00:00+00:00
115,True,2019-10-28 13:00:00+00:00,2019-10-28 13:00:00+00:00,顶分型,顶分型,9415.0,9415.0,238,238,2019-10-28T12:00:00+00:00 | 2019-10-28T13:00:00+00:00 | 2019-10-28T14:00:00+00:00,2019-10-28T12:00:00+00:00 | 2019-10-28T13:00:00+00:00 | 2019-10-28T14:00:00+00:00
116,True,2019-10-28 14:00:00+00:00,2019-10-28 14:00:00+00:00,底分型,底分型,9292.71,9292.71,239,239,2019-10-28T13:00:00+00:00 | 2019-10-28T14:00:00+00:00 | 2019-10-28T15:00:00+00:00,2019-10-28T13:00:00+00:00 | 2019-10-28T14:00:00+00:00 | 2019-10-28T15:00:00+00:00
117,True,2019-10-28 16:00:00+00:00,2019-10-28 16:00:00+00:00,顶分型,顶分型,9400.0,9400.0,241,241,2019-10-28T15:00:00+00:00 | 2019-10-28T16:00:00+00:00 | 2019-10-28T17:00:00+00:00,2019-10-28T15:00:00+00:00 | 2019-10-28T16:00:00+00:00 | 2019-10-28T17:00:00+00:00
118,True,2019-10-28 17:00:00+00:00,2019-10-28 17:00:00+00:00,底分型,底分型,9320.23,9320.23,242,242,2019-10-28T16:00:00+00:00 | 2019-10-28T17:00:00+00:00 | 2019-10-28T18:00:00+00:00,2019-10-28T16:00:00+00:00 | 2019-10-28T17:00:00+00:00 | 2019-10-28T18:00:00+00:00
119,True,2019-10-28 18:00:00+00:00,2019-10-28 18:00:00+00:00,顶分型,顶分型,9478.93,9478.93,243,243,2019-10-28T17:00:00+00:00 | 2019-10-28T18:00:00+00:00 | 2019-10-28T23:00:00+00:00,2019-10-28T17:00:00+00:00 | 2019-10-28T18:00:00+00:00 | 2019-10-28T23:00:00+00:00
120,True,2019-10-28 23:00:00+00:00,2019-10-28 23:00:00+00:00,底分型,底分型,9160.0,9160.0,244,244,2019-10-28T18:00:00+00:00 | 2019-10-28T23:00:00+00:00 | 2019-10-29T01:00:00+00:00,2019-10-28T18:00:00+00:00 | 2019-10-28T23:00:00+00:00 | 2019-10-29T01:00:00+00:00
121,True,2019-10-29 05:00:00+00:00,2019-10-29 05:00:00+00:00,顶分型,顶分型,9550.0,9550.0,247,247,2019-10-29T04:00:00+00:00 | 2019-10-29T05:00:00+00:00 | 2019-10-29T08:00:00+00:00,2019-10-29T04:00:00+00:00 | 2019-10-29T05:00:00+00:00 | 2019-10-29T08:00:00+00:00
122,True,2019-10-29 09:00:00+00:00,2019-10-29 09:00:00+00:00,底分型,底分型,9351.0,9351.0,249,249,2019-10-29T08:00:00+00:00 | 2019-10-29T09:00:00+00:00 | 2019-10-29T10:00:00+00:00,2019-10-29T08:00:00+00:00 | 2019-10-29T09:00:00+00:00 | 2019-10-29T10:00:00+00:00
123,True,2019-10-29 10:00:00+00:00,2019-10-29 10:00:00+00:00,顶分型,顶分型,9490.1,9490.1,250,250,2019-10-29T09:00:00+00:00 | 2019-10-29T10:00:00+00:00 | 2019-10-29T12:00:00+00:00,2019-10-29T09:00:00+00:00 | 2019-10-29T10:00:00+00:00 | 2019-10-29T12:00:00+00:00
124,True,2019-10-29 16:00:00+00:00,2019-10-29 16:00:00+00:00,底分型,底分型,9256.91,9256.91,253,253,2019-10-29T13:00:00+00:00 | 2019-10-29T16:00:00+00:00 | 2019-10-29T18:00:00+00:00,2019-10-29T13:00:00+00:00 | 2019-10-29T16:00:00+00:00 | 2019-10-29T18:00:00+00:00
125,True,2019-10-29 18:00:00+00:00,2019-10-29 18:00:00+00:00,顶分型,顶分型,9397.0,9397.0,254,254,2019-10-29T16:00:00+00:00 | 2019-10-29T18:00:00+00:00 | 2019-10-29T19:00:00+00:00,2019-10-29T16:00:00+00:00 | 2019-10-29T18:00:00+00:00 | 2019-10-29T19:00:00+00:00
126,True,2019-10-29 19:00:00+00:00,2019-10-29 19:00:00+00:00,底分型,底分型,9072.0,9072.0,255,255,2019-10-29T18:00:00+00:00 | 2019-10-29T19:00:00+00:00 | 2019-10-29T20:00:00+00:00,2019-10-29T18:00:00+00:00 | 2019-10-29T19:00:00+00:00 | 2019-10-29T20:00:00+00:00
127,True,2019-10-29 20:00:00+00:00,2019-10-29 20:00:00+00:00,顶分型,顶分型,9482.0,9482.0,256,256,2019-10-29T19:00:00+00:00 | 2019-10-29T20:00:00+00:00 | 2019-10-29T23:00:00+00:00,2019-10-29T19:00:00+00:00 | 2019-10-29T20:00:00+00:00 | 2019-10-29T23:00:00+00:00
128,True,2019-10-30 00:00:00+00:00,2019-10-30 00:00:00+00:00,底分型,底分型,9245.01,9245.01,258,258,2019-10-29T23:00:00+00:00 | 2019-10-30T00:00:00+00:00 | 2019-10-30T02:00:00+00:00,2019-10-29T23:00:00+00:00 | 2019-10-30T00:00:00+00:00 | 2019-10-30T02:00:00+00:00
129,True,2019-10-30 02:00:00+00:00,2019-10-30 02:00:00+00:00,顶分型,顶分型,9394.84,9394.84,259,259,2019-10-30T00:00:00+00:00 | 2019-10-30T02:00:00+00:00 | 2019-10-30T04:00:00+00:00,2019-10-30T00:00:00+00:00 | 2019-10-30T02:00:00+00:00 | 2019-10-30T04:00:00+00:00
130,True,2019-10-30 07:00:00+00:00,2019-10-30 07:00:00+00:00,底分型,底分型,9151.0,9151.0,261,261,2019-10-30T04:00:00+00:00 | 2019-10-30T07:00:00+00:00 | 2019-10-30T09:00:00+00:00,2019-10-30T04:00:00+00:00 | 2019-10-30T07:00:00+00:00 | 2019-10-30T09:00:00+00:00
131,True,2019-10-30 09:00:00+00:00,2019-10-30 09:00:00+00:00,顶分型,顶分型,9248.79,9248.79,262,262,2019-10-30T07:00:00+00:00 | 2019-10-30T09:00:00+00:00 | 2019-10-30T10:00:00+00:00,2019-10-30T07:00:00+00:00 | 2019-10-30T09:00:00+00:00 | 2019-10-30T10:00:00+00:00
132,True,2019-10-30 11:00:00+00:00,2019-10-30 11:00:00+00:00,底分型,底分型,9018.0,9018.0,264,264,2019-10-30T10:00:00+00:00 | 2019-10-30T11:00:00+00:00 | 2019-10-30T12:00:00+00:00,2019-10-30T10:00:00+00:00 | 2019-10-30T11:00:00+00:00 | 2019-10-30T12:00:00+00:00
133,True,2019-10-30 12:00:00+00:00,2019-10-30 12:00:00+00:00,顶分型,顶分型,9172.41,9172.41,265,265,2019-10-30T11:00:00+00:00 | 2019-10-30T12:00:00+00:00 | 2019-10-30T13:00:00+00:00,2019-10-30T11:00:00+00:00 | 2019-10-30T12:00:00+00:00 | 2019-10-30T13:00:00+00:00
134,True,2019-10-30 15:00:00+00:00,2019-10-30 15:00:00+00:00,底分型,底分型,9001.01,9001.01,267,267,2019-10-30T13:00:00+00:00 | 2019-10-30T15:00:00+00:00 | 2019-10-30T16:00:00+00:00,2019-10-30T13:00:00+00:00 | 2019-10-30T15:00:00+00:00 | 2019-10-30T16:00:00+00:00
135,True,2019-10-30 20:00:00+00:00,2019-10-30 20:00:00+00:00,顶分型,顶分型,9217.33,9217.33,269,269,2019-10-30T16:00:00+00:00 | 2019-10-30T20:00:00+00:00 | 2019-10-30T21:00:00+00:00,2019-10-30T16:00:00+00:00 | 2019-10-30T20:00:00+00:00 | 2019-10-30T21:00:00+00:00
136,True,2019-10-30 21:00:00+00:00,2019-10-30 21:00:00+00:00,底分型,底分型,9128.26,9128.26,270,270,2019-10-30T20:00:00+00:00 | 2019-10-30T21:00:00+00:00 | 2019-10-30T22:00:00+00:00,2019-10-30T20:00:00+00:00 | 2019-10-30T21:00:00+00:00 | 2019-10-30T22:00:00+00:00
137,True,2019-10-30 22:00:00+00:00,2019-10-30 22:00:00+00:00,顶分型,顶分型,9225.0,9225.0,271,271,2019-10-30T21:00:00+00:00 | 2019-10-30T22:00:00+00:00 | 2019-10-31T00:00:00+00:00,2019-10-30T21:00:00+00:00 | 2019-10-30T22:00:00+00:00 | 2019-10-31T00:00:00+00:00
138,True,2019-10-31 02:00:00+00:00,2019-10-31 02:00:00+00:00,底分型,底分型,9051.01,9051.01,274,274,2019-10-31T01:00:00+00:00 | 2019-10-31T02:00:00+00:00 | 2019-10-31T03:00:00+00:00,2019-10-31T01:00:00+00:00 | 2019-10-31T02:00:00+00:00 | 2019-10-31T03:00:00+00:00
139,True,2019-10-31 06:00:00+00:00,2019-10-31 06:00:00+00:00,顶分型,顶分型,9209.0,9209.0,277,277,2019-10-31T05:00:00+00:00 | 2019-10-31T06:00:00+00:00 | 2019-10-31T08:00:00+00:00,2019-10-31T05:00:00+00:00 | 2019-10-31T06:00:00+00:00 | 2019-10-31T08:00:00+00:00
140,True,2019-10-31 10:00:00+00:00,2019-10-31 10:00:00+00:00,底分型,底分型,8913.0,8913.0,280,280,2019-10-31T09:00:00+00:00 | 2019-10-31T10:00:00+00:00 | 2019-10-31T11:00:00+00:00,2019-10-31T09:00:00+00:00 | 2019-10-31T10:00:00+00:00 | 2019-10-31T11:00:00+00:00
141,True,2019-10-31 12:00:00+00:00,2019-10-31 12:00:00+00:00,顶分型,顶分型,9405.0,9405.0,282,282,2019-10-31T11:00:00+00:00 | 2019-10-31T12:00:00+00:00 | 2019-10-31T14:00:00+00:00,2019-10-31T11:00:00+00:00 | 2019-10-31T12:00:00+00:00 | 2019-10-31T14:00:00+00:00
142,True,2019-10-31 15:00:00+00:00,2019-10-31 15:00:00+00:00,底分型,底分型,9180.0,9180.0,284,284,2019-10-31T14:00:00+00:00 | 2019-10-31T15:00:00+00:00 | 2019-10-31T17:00:00+00:00,2019-10-31T14:00:00+00:00 | 2019-10-31T15:00:00+00:00 | 2019-10-31T17:00:00+00:00
143,True,2019-10-31 17:00:00+00:00,2019-10-31 17:00:00+00:00,顶分型,顶分型,9264.04,9264.04,285,285,2019-10-31T15:00:00+00:00 | 2019-10-31T17:00:00+00:00 | 2019-10-31T18:00:00+00:00,2019-10-31T15:00:00+00:00 | 2019-10-31T17:00:00+00:00 | 2019-10-31T18:00:00+00:00
144,True,2019-10-31 21:00:00+00:00,2019-10-31 21:00:00+00:00,底分型,底分型,9013.0,9013.0,288,288,2019-10-31T20:00:00+00:00 | 2019-10-31T21:00:00+00:00 | 2019-11-01T06:00:00+00:00,2019-10-31T20:00:00+00:00 | 2019-10-31T21:00:00+00:00 | 2019-11-01T06:00:00+00:00
145,True,2019-11-01 08:00:00+00:00,2019-11-01 08:00:00+00:00,顶分型,顶分型,9174.99,9174.99,290,290,2019-11-01T06:00:00+00:00 | 2019-11-01T08:00:00+00:00 | 2019-11-01T09:00:00+00:00,2019-11-01T06:00:00+00:00 | 2019-11-01T08:00:00+00:00 | 2019-11-01T09:00:00+00:00
146,True,2019-11-01 09:00:00+00:00,2019-11-01 09:00:00+00:00,底分型,底分型,9088.88,9088.88,291,291,2019-11-01T08:00:00+00:00 | 2019-11-01T09:00:00+00:00 | 2019-11-01T10:00:00+00:00,2019-11-01T08:00:00+00:00 | 2019-11-01T09:00:00+00:00 | 2019-11-01T10:00:00+00:00
147,True,2019-11-01 11:00:00+00:00,2019-11-01 11:00:00+00:00,顶分型,顶分型,9279.0,9279.0,293,293,2019-11-01T10:00:00+00:00 | 2019-11-01T11:00:00+00:00 | 2019-11-01T13:00:00+00:00,2019-11-01T10:00:00+00:00 | 2019-11-01T11:00:00+00:00 | 2019-11-01T13:00:00+00:00
148,True,2019-11-01 13:00:00+00:00,2019-11-01 13:00:00+00:00,底分型,底分型,9061.65,9061.65,294,294,2019-11-01T11:00:00+00:00 | 2019-11-01T13:00:00+00:00 | 2019-11-01T15:00:00+00:00,2019-11-01T11:00:00+00:00 | 2019-11-01T13:00:00+00:00 | 2019-11-01T15:00:00+00:00
149,True,2019-11-01 15:00:00+00:00,2019-11-01 15:00:00+00:00,顶分型,顶分型,9248.51,9248.51,295,295,2019-11-01T13:00:00+00:00 | 2019-11-01T15:00:00+00:00 | 2019-11-01T16:00:00+00:00,2019-11-01T13:00:00+00:00 | 2019-11-01T15:00:00+00:00 | 2019-11-01T16:00:00+00:00
150,True,2019-11-01 16:00:00+00:00,2019-11-01 16:00:00+00:00,底分型,底分型,9060.0,9060.0,296,296,2019-11-01T15:00:00+00:00 | 2019-11-01T16:00:00+00:00 | 2019-11-01T17:00:00+00:00,2019-11-01T15:00:00+00:00 | 2019-11-01T16:00:00+00:00 | 2019-11-01T17:00:00+00:00
151,True,2019-11-01 22:00:00+00:00,2019-11-01 22:00:00+00:00,顶分型,顶分型,9277.16,9277.16,301,301,2019-11-01T21:00:00+00:00 | 2019-11-01T22:00:00+00:00 | 2019-11-02T02:00:00+00:00,2019-11-01T21:00:00+00:00 | 2019-11-01T22:00:00+00:00 | 2019-11-02T02:00:00+00:00
152,True,2019-11-02 02:00:00+00:00,2019-11-02 02:00:00+00:00,底分型,底分型,9209.99,9209.99,302,302,2019-11-01T22:00:00+00:00 | 2019-11-02T02:00:00+00:00 | 2019-11-02T03:00:00+00:00,2019-11-01T22:00:00+00:00 | 2019-11-02T02:00:00+00:00 | 2019-11-02T03:00:00+00:00
153,True,2019-11-02 03:00:00+00:00,2019-11-02 03:00:00+00:00,顶分型,顶分型,9251.01,9251.01,303,303,2019-11-02T02:00:00+00:00 | 2019-11-02T03:00:00+00:00 | 2019-11-02T04:00:00+00:00,2019-11-02T02:00:00+00:00 | 2019-11-02T03:00:00+00:00 | 2019-11-02T04:00:00+00:00
154,True,2019-11-02 06:00:00+00:00,2019-11-02 06:00:00+00:00,底分型,底分型,9186.21,9186.21,306,306,2019-11-02T05:00:00+00:00 | 2019-11-02T06:00:00+00:00 | 2019-11-02T08:00:00+00:00,2019-11-02T05:00:00+00:00 | 2019-11-02T06:00:00+00:00 | 2019-11-02T08:00:00+00:00
155,True,2019-11-02 13:00:00+00:00,2019-11-02 13:00:00+00:00,顶分型,顶分型,9373.74,9373.74,309,309,2019-11-02T12:00:00+00:00 | 2019-11-02T13:00:00+00:00 | 2019-11-02T15:00:00+00:00,2019-11-02T12:00:00+00:00 | 2019-11-02T13:00:00+00:00 | 2019-11-02T15:00:00+00:00
156,True,2019-11-02 15:00:00+00:00,2019-11-02 15:00:00+00:00,底分型,底分型,9273.15,9273.15,310,310,2019-11-02T13:00:00+00:00 | 2019-11-02T15:00:00+00:00 | 2019-11-02T16:00:00+00:00,2019-11-02T13:00:00+00:00 | 2019-11-02T15:00:00+00:00 | 2019-11-02T16:00:00+00:00
157,True,2019-11-02 16:00:00+00:00,2019-11-02 16:00:00+00:00,顶分型,顶分型,9338.81,9338.81,311,311,2019-11-02T15:00:00+00:00 | 2019-11-02T16:00:00+00:00 | 2019-11-02T17:00:00+00:00,2019-11-02T15:00:00+00:00 | 2019-11-02T16:00:00+00:00 | 2019-11-02T17:00:00+00:00
158,True,2019-11-02 18:00:00+00:00,2019-11-02 18:00:00+00:00,底分型,底分型,9264.59,9264.59,313,313,2019-11-02T17:00:00+00:00 | 2019-11-02T18:00:00+00:00 | 2019-11-02T19:00:00+00:00,2019-11-02T17:00:00+00:00 | 2019-11-02T18:00:00+00:00 | 2019-11-02T19:00:00+00:00
159,True,2019-11-02 19:00:00+00:00,2019-11-02 19:00:00+00:00,顶分型,顶分型,9320.0,9320.0,314,314,2019-11-02T18:00:00+00:00 | 2019-11-02T19:00:00+00:00 | 2019-11-02T21:00:00+00:00,2019-11-02T18:00:00+00:00 | 2019-11-02T19:00:00+00:00 | 2019-11-02T21:00:00+00:00
160,True,2019-11-02 22:00:00+00:00,2019-11-02 22:00:00+00:00,底分型,底分型,9270.52,9270.52,316,316,2019-11-02T21:00:00+00:00 | 2019-11-02T22:00:00+00:00 | 2019-11-03T00:00:00+00:00,2019-11-02T21:00:00+00:00 | 2019-11-02T22:00:00+00:00 | 2019-11-03T00:00:00+00:00
161,True,2019-11-03 02:00:00+00:00,2019-11-03 02:00:00+00:00,顶分型,顶分型,9362.57,9362.57,318,318,2019-11-03T00:00:00+00:00 | 2019-11-03T02:00:00+00:00 | 2019-11-03T04:00:00+00:00,2019-11-03T00:00:00+00:00 | 2019-11-03T02:00:00+00:00 | 2019-11-03T04:00:00+00:00
162,True,2019-11-03 05:00:00+00:00,2019-11-03 05:00:00+00:00,底分型,底分型,9225.01,9225.01,320,320,2019-11-03T04:00:00+00:00 | 2019-11-03T05:00:00+00:00 | 2019-11-03T06:00:00+00:00,2019-11-03T04:00:00+00:00 | 2019-11-03T05:00:00+00:00 | 2019-11-03T06:00:00+00:00
163,True,2019-11-03 06:00:00+00:00,2019-11-03 06:00:00+00:00,顶分型,顶分型,9284.59,9284.59,321,321,2019-11-03T05:00:00+00:00 | 2019-11-03T06:00:00+00:00 | 2019-11-03T07:00:00+00:00,2019-11-03T05:00:00+00:00 | 2019-11-03T06:00:00+00:00 | 2019-11-03T07:00:00+00:00
164,True,2019-11-03 12:00:00+00:00,2019-11-03 12:00:00+00:00,底分型,底分型,9101.0,9101.0,325,325,2019-11-03T10:00:00+00:00 | 2019-11-03T12:00:00+00:00 | 2019-11-03T13:00:00+00:00,2019-11-03T10:00:00+00:00 | 2019-11-03T12:00:00+00:00 | 2019-11-03T13:00:00+00:00
165,True,2019-11-03 14:00:00+00:00,2019-11-03 14:00:00+00:00,顶分型,顶分型,9186.63,9186.63,327,327,2019-11-03T13:00:00+00:00 | 2019-11-03T14:00:00+00:00 | 2019-11-03T15:00:00+00:00,2019-11-03T13:00:00+00:00 | 2019-11-03T14:00:00+00:00 | 2019-11-03T15:00:00+00:00
166,True,2019-11-03 17:00:00+00:00,2019-11-03 17:00:00+00:00,底分型,底分型,9112.95,9112.95,329,329,2019-11-03T15:00:00+00:00 | 2019-11-03T17:00:00+00:00 | 2019-11-03T19:00:00+00:00,2019-11-03T15:00:00+00:00 | 2019-11-03T17:00:00+00:00 | 2019-11-03T19:00:00+00:00
167,True,2019-11-03 19:00:00+00:00,2019-11-03 19:00:00+00:00,顶分型,顶分型,9174.06,9174.06,330,330,2019-11-03T17:00:00+00:00 | 2019-11-03T19:00:00+00:00 | 2019-11-03T21:00:00+00:00,2019-11-03T17:00:00+00:00 | 2019-11-03T19:00:00+00:00 | 2019-11-03T21:00:00+00:00
168,True,2019-11-03 21:00:00+00:00,2019-11-03 21:00:00+00:00,底分型,底分型,9066.14,9066.14,331,331,2019-11-03T19:00:00+00:00 | 2019-11-03T21:00:00+00:00 | 2019-11-03T22:00:00+00:00,2019-11-03T19:00:00+00:00 | 2019-11-03T21:00:00+00:00 | 2019-11-03T22:00:00+00:00
169,True,2019-11-03 23:00:00+00:00,2019-11-03 23:00:00+00:00,顶分型,顶分型,9236.0,9236.0,333,333,2019-11-03T22:00:00+00:00 | 2019-11-03T23:00:00+00:00 | 2019-11-04T00:00:00+00:00,2019-11-03T22:00:00+00:00 | 2019-11-03T23:00:00+00:00 | 2019-11-04T00:00:00+00:00
